🚀 Starting POI API with PostgreSQL database...
✅ Environment variables set:
   POI_DB_TYPE: postgresql
   POI_DB_CONNECTION: postgresql://poi_user:poi_password@localhost/poi_db
   POI_DB_NAME: poi_db
🔧 Activating virtual environment...
🔍 Testing database connection...
✅ Database schema is valid
🌐 Starting POI API server...
INFO:auth_config:Authentication configuration loaded successfully
INFO:poi_database_adapter:PostgreSQL veritabanına bağlandı
INFO:poi_database_adapter:PostgreSQL bağlantısı kapatıldı
Session cleanup worker started
🚀 POI Yönetim Sistemi başlatılıyor...
📊 Web arayüzü: http://localhost:5560/poi_manager_ui.html
🔌 API endpoint'leri: http://localhost:5560/api/
✅ POSTGRESQL veritabanı bağlantısı aktif
🔌 Server starting on port 5560
 * Serving Flask app 'poi_api'
 * Debug mode: on
INFO:werkzeug:[31m[1mWARNING: This is a development server. Do not use it in a production deployment. Use a production WSGI server instead.[0m
 * Running on all addresses (0.0.0.0)
 * Running on http://127.0.0.1:5560
 * Running on http://192.168.1.81:5560
INFO:werkzeug:[33mPress CTRL+C to quit[0m
INFO:werkzeug: * Restarting with stat
INFO:auth_config:Authentication configuration loaded successfully
INFO:poi_database_adapter:PostgreSQL veritabanına bağlandı
INFO:poi_database_adapter:PostgreSQL bağlantısı kapatıldı
WARNING:werkzeug: * Debugger is active!
INFO:werkzeug: * Debugger PIN: 105-228-423
INFO:werkzeug:172.19.0.5 - - [12/Sep/2025 13:50:54] "GET /route_manager_enhanced.html HTTP/1.1" 200 -
INFO:werkzeug:172.19.0.5 - - [12/Sep/2025 13:50:55] "GET /static/js/rate-limiter.js HTTP/1.1" 200 -
INFO:werkzeug:172.19.0.5 - - [12/Sep/2025 13:50:55] "GET /static/js/map-layer-control.js HTTP/1.1" 200 -
INFO:werkzeug:172.19.0.5 - - [12/Sep/2025 13:50:55] "GET /static/css/poi_recommendation_system.css HTTP/1.1" 200 -
INFO:werkzeug:172.19.0.5 - - [12/Sep/2025 13:50:55] "GET /static/js/api-client.js HTTP/1.1" 200 -
INFO:werkzeug:172.19.0.5 - - [12/Sep/2025 13:50:55] "GET /static/js/elevation-chart.js HTTP/1.1" 200 -
INFO:werkzeug:172.19.0.5 - - [12/Sep/2025 13:50:55] "GET /static/js/navigation-manager.js HTTP/1.1" 200 -
INFO:werkzeug:172.19.0.5 - - [12/Sep/2025 13:50:55] "GET /static/js/route-admin-manager.js HTTP/1.1" 200 -
INFO:route_service:Route service database connection established
INFO:route_service:Route service database connection closed
INFO:werkzeug:172.19.0.5 - - [12/Sep/2025 13:50:56] "GET /api/admin/routes HTTP/1.1" 200 -
INFO:werkzeug:172.19.0.5 - - [12/Sep/2025 13:50:57] "GET /auth/csrf-token HTTP/1.1" 200 -
INFO:route_service:Route service database connection established
INFO:route_service:Route service database connection closed
INFO:werkzeug:172.19.0.5 - - [12/Sep/2025 13:50:57] "GET /api/admin/routes HTTP/1.1" 200 -
INFO:poi_database_adapter:PostgreSQL veritabanına bağlandı
INFO:poi_database_adapter:PostgreSQL bağlantısı kapatıldı
INFO:werkzeug:172.19.0.5 - - [12/Sep/2025 13:50:57] "GET /api/pois HTTP/1.1" 200 -
INFO:route_service:Route service database connection established
INFO:route_service:Route service database connection closed
INFO:werkzeug:172.19.0.5 - - [12/Sep/2025 13:50:59] "GET /api/admin/routes/164 HTTP/1.1" 200 -
INFO:route_service:Route service database connection established
INFO:route_service:Route service database connection closed
INFO:werkzeug:172.19.0.5 - - [12/Sep/2025 13:50:59] "GET /api/admin/routes/164 HTTP/1.1" 200 -
INFO:route_service:Route service database connection established
INFO:route_service:Retrieved geometry for route 164
INFO:werkzeug:172.19.0.5 - - [12/Sep/2025 13:51:00] "GET /api/routes/164/geometry HTTP/1.1" 200 -
INFO:werkzeug:172.19.0.5 - - [12/Sep/2025 13:51:00] "GET /api/admin/routes/164/media HTTP/1.1" 200 -
INFO:route_service:Route service database connection established
INFO:route_service:Route service database connection closed
INFO:werkzeug:172.19.0.5 - - [12/Sep/2025 13:51:00] "GET /api/admin/routes/164 HTTP/1.1" 200 -
Session cleanup worker started
🚀 POI Yönetim Sistemi başlatılıyor...
📊 Web arayüzü: http://localhost:5560/poi_manager_ui.html
🔌 API endpoint'leri: http://localhost:5560/api/
✅ POSTGRESQL veritabanı bağlantısı aktif
🔌 Server starting on port 5560
🚀 get_route_media called for route_id: 164
🔍 Attempting database lookup...
📡 Using connection string: postgresql://poi_user:poi_password@localhost/poi_d...
✅ Database connection established
📊 Database query returned 3 records
✅ Found media in database, processing...
  📋 Processing database record: RealDictRow({'id': 445, 'route_id': 164, 'file_path': 'poi_media/by_route_id/route_164_Yeni_Rota_2/videos/fake2.mp4', 'thumbnail_path': 'poi_media/thumbnails/by_route_id/route_164_Yeni_Rota_2/videos/thumb_fake2.png', 'preview_path': 'poi_media/thumbnails/by_route_id/route_164_Yeni_Rota_2/videos/thumb_fake2.png', 'lat': 38.671, 'lng': 34.951, 'caption': 'fake2', 'is_primary': False, 'media_type': 'video', 'uploaded_at': datetime.datetime(2025, 9, 12, 13, 50, 42, 686614)})
    📁 Original file path: poi_media/by_route_id/route_164_Yeni_Rota_2/videos/fake2.mp4
    📁 Filename: fake2.mp4
    📁 File stem: fake2
    📁 Route folder name: route_164_Yeni_Rota_2
    🔍 Looking for thumbnail: poi_media/thumbnails/by_route_id/route_164_Yeni_Rota_2/images/thumb_fake2.webp
    ❌ Thumbnail not found: poi_media/thumbnails/by_route_id/route_164_Yeni_Rota_2/images/thumb_fake2.webp
    🔍 Looking for preview: poi_media/previews/by_route_id/route_164_Yeni_Rota_2/images/preview_fake2.webp
    ❌ Preview not found: poi_media/previews/by_route_id/route_164_Yeni_Rota_2/images/preview_fake2.webp
    🔍 Checking original file path: poi_media/by_route_id/route_164_Yeni_Rota_2/videos/fake2.mp4
    ✅ Original file exists: poi_media/by_route_id/route_164_Yeni_Rota_2/videos/fake2.mp4
    ✅ Adding media with file: poi_media/by_route_id/route_164_Yeni_Rota_2/videos/fake2.mp4
  📋 Processing database record: RealDictRow({'id': 444, 'route_id': 164, 'file_path': 'poi_media/by_route_id/route_164_Yeni_Rota_2/images/pano.png', 'thumbnail_path': None, 'preview_path': None, 'lat': 38.67, 'lng': 34.95, 'caption': 'panotest', 'is_primary': False, 'media_type': 'panorama', 'uploaded_at': datetime.datetime(2025, 9, 12, 13, 50, 42, 630808)})
    📁 Original file path: poi_media/by_route_id/route_164_Yeni_Rota_2/images/pano.png
    📁 Filename: pano.png
    📁 File stem: pano
    📁 Route folder name: route_164_Yeni_Rota_2
    🔍 Looking for thumbnail: poi_media/thumbnails/by_route_id/route_164_Yeni_Rota_2/images/thumb_pano.webp
    ❌ Thumbnail not found: poi_media/thumbnails/by_route_id/route_164_Yeni_Rota_2/images/thumb_pano.webp
    🔍 Looking for preview: poi_media/previews/by_route_id/route_164_Yeni_Rota_2/images/preview_pano.webp
    ❌ Preview not found: poi_media/previews/by_route_id/route_164_Yeni_Rota_2/images/preview_pano.webp
    🔍 Checking original file path: poi_media/by_route_id/route_164_Yeni_Rota_2/images/pano.png
    ✅ Original file exists: poi_media/by_route_id/route_164_Yeni_Rota_2/images/pano.png
    ✅ Adding media with file: poi_media/by_route_id/route_164_Yeni_Rota_2/images/pano.png
  📋 Processing database record: RealDictRow({'id': 443, 'route_id': 164, 'file_path': 'poi_media/by_route_id/route_164_Yeni_Rota_2/images/c93a44cc.webp', 'thumbnail_path': None, 'preview_path': None, 'lat': 38.63467822222222, 'lng': 34.93563936111111, 'caption': '', 'is_primary': False, 'media_type': 'image', 'uploaded_at': datetime.datetime(2025, 9, 12, 13, 42, 42, 617637)})
    📁 Original file path: poi_media/by_route_id/route_164_Yeni_Rota_2/images/c93a44cc.webp
    📁 Filename: c93a44cc.webp
    📁 File stem: c93a44cc
    📁 Route folder name: route_164_Yeni_Rota_2
    🔍 Looking for thumbnail: poi_media/thumbnails/by_route_id/route_164_Yeni_Rota_2/images/thumb_c93a44cc.webp
    ✅ Thumbnail found: poi_media/thumbnails/by_route_id/route_164_Yeni_Rota_2/images/thumb_c93a44cc.webp
    🔍 Looking for preview: poi_media/previews/by_route_id/route_164_Yeni_Rota_2/images/preview_c93a44cc.webp
    ✅ Preview found: poi_media/previews/by_route_id/route_164_Yeni_Rota_2/images/preview_c93a44cc.webp
    ✅ Using WebP file: poi_media/previews/by_route_id/route_164_Yeni_Rota_2/images/preview_c93a44cc.webp
    ✅ Adding media with file: poi_media/previews/by_route_id/route_164_Yeni_Rota_2/images/preview_c93a44cc.webp
✅ Returning 3 media items from database
🔍 Checking for additional files not in database (previews + originals)...
📁 Checking for additional files in route folder: route_164_Yeni_Rota_2
🚀 get_route_media called for route_id: 164
🔍 Attempting database lookup...
📡 Using connection string: postgresql://poi_user:poi_password@localhost/poi_d...
✅ Database connection established
📊 Database query returned 3 records
✅ Found media in database, processing...
  📋 Processing database record: RealDictRow({'id': 445, 'route_id': 164, 'file_path': 'poi_media/by_route_id/route_164_Yeni_Rota_2/videos/fake2.mp4', 'thumbnail_path': 'poi_media/thumbnails/by_route_id/route_164_Yeni_Rota_2/videos/thumb_fake2.png', 'preview_path': 'poi_media/thumbnails/by_route_id/route_164_Yeni_Rota_2/videos/thumb_fake2.png', 'lat': 38.671, 'lng': 34.951, 'caption': 'fake2', 'is_primary': False, 'media_type': 'video', 'uploaded_at': datetime.datetime(2025, 9, 12, 13, 50, 42, 686614)})
    📁 Original file path: poi_media/by_route_id/route_164_Yeni_Rota_2/videos/fake2.mp4
    📁 Filename: fake2.mp4
    📁 File stem: fake2
    📁 Route folder name: route_164_Yeni_Rota_2
    🔍 Looking for thumbnail: poi_media/thumbnails/by_route_id/route_164_Yeni_Rota_2/images/thumb_fake2.webp
    ❌ Thumbnail not found: poi_media/thumbnails/by_route_id/route_164_Yeni_Rota_2/images/thumb_fake2.webp
    🔍 Looking for preview: poi_media/previews/by_route_id/route_164_Yeni_Rota_2/images/preview_fake2.webp
    ❌ Preview not found: poi_media/previews/by_route_id/route_164_Yeni_Rota_2/images/preview_fake2.webp
    🔍 Checking original file path: poi_media/by_route_id/route_164_Yeni_Rota_2/videos/fake2.mp4
    ✅ Original file exists: poi_media/by_route_id/route_164_Yeni_Rota_2/videos/fake2.mp4
    ✅ Adding media with file: poi_media/by_route_id/route_164_Yeni_Rota_2/videos/fake2.mp4
  📋 Processing database record: RealDictRow({'id': 444, 'route_id': 164, 'file_path': 'poi_media/by_route_id/route_164_Yeni_Rota_2/images/pano.png', 'thumbnail_path': None, 'preview_path': None, 'lat': 38.67, 'lng': 34.95, 'caption': 'panotest', 'is_primary': False, 'media_type': 'panorama', 'uploaded_at': datetime.datetime(2025, 9, 12, 13, 50, 42, 630808)})
    📁 Original file path: poi_media/by_route_id/route_164_Yeni_Rota_2/images/pano.png
    📁 Filename: pano.png
    📁 File stem: pano
    📁 Route folder name: route_164_Yeni_Rota_2
    🔍 Looking for thumbnail: poi_media/thumbnails/by_route_id/route_164_Yeni_Rota_2/images/thumb_pano.webp
    ❌ Thumbnail not found: poi_media/thumbnails/by_route_id/route_164_Yeni_Rota_2/images/thumb_pano.webp
    🔍 Looking for preview: poi_media/previews/by_route_id/route_164_Yeni_Rota_2/images/preview_pano.webp
    ❌ Preview not found: poi_media/previews/by_route_id/route_164_Yeni_Rota_2/images/preview_pano.webp
    🔍 Checking original file path: poi_media/by_route_id/route_164_Yeni_Rota_2/images/pano.png
    ✅ Original file exists: poi_media/by_route_id/route_164_Yeni_Rota_2/images/pano.png
    ✅ Adding media with file: poi_media/by_route_id/route_164_Yeni_Rota_2/images/pano.png
  📋 Processing database record: RealDictRow({'id': 443, 'route_id': 164, 'file_path': 'poi_media/by_route_id/route_164_Yeni_Rota_2/images/c93a44cc.webp', 'thumbnail_path': None, 'preview_path': None, 'lat': 38.63467822222222, 'lng': 34.93563936111111, 'caption': '', 'is_primary': False, 'media_type': 'image', 'uploaded_at': datetime.datetime(2025, 9, 12, 13, 42, 42, 617637)})
    📁 Original file path: poi_media/by_route_id/route_164_Yeni_Rota_2/images/c93a44cc.webp
    📁 Filename: c93a44cc.webp
    📁 File stem: c93a44cc
INFO:werkzeug:172.19.0.5 - - [12/Sep/2025 13:51:00] "GET /api/admin/routes/164/media HTTP/1.1" 200 -
INFO:werkzeug:172.19.0.5 - - [12/Sep/2025 13:51:01] "GET /poi_media/thumbnails/by_route_id/route_164_Yeni_Rota_2/images/thumb_c93a44cc.webp HTTP/1.1" 200 -
INFO:werkzeug:172.19.0.5 - - [12/Sep/2025 13:51:01] "GET /api/admin/routes/164/media HTTP/1.1" 200 -
INFO:werkzeug:172.19.0.5 - - [12/Sep/2025 13:51:01] "GET /poi_media/by_route_id/route_164_Yeni_Rota_2/images/pano.png HTTP/1.1" 200 -
INFO:werkzeug:172.19.0.5 - - [12/Sep/2025 13:51:01] "GET /poi_media/thumbnails/by_route_id/route_164_Yeni_Rota_2/images/thumb_c93a44cc.webp HTTP/1.1" 200 -
    📁 Route folder name: route_164_Yeni_Rota_2
    🔍 Looking for thumbnail: poi_media/thumbnails/by_route_id/route_164_Yeni_Rota_2/images/thumb_c93a44cc.webp
    ✅ Thumbnail found: poi_media/thumbnails/by_route_id/route_164_Yeni_Rota_2/images/thumb_c93a44cc.webp
    🔍 Looking for preview: poi_media/previews/by_route_id/route_164_Yeni_Rota_2/images/preview_c93a44cc.webp
    ✅ Preview found: poi_media/previews/by_route_id/route_164_Yeni_Rota_2/images/preview_c93a44cc.webp
    ✅ Using WebP file: poi_media/previews/by_route_id/route_164_Yeni_Rota_2/images/preview_c93a44cc.webp
    ✅ Adding media with file: poi_media/previews/by_route_id/route_164_Yeni_Rota_2/images/preview_c93a44cc.webp
✅ Returning 3 media items from database
🔍 Checking for additional files not in database (previews + originals)...
📁 Checking for additional files in route folder: route_164_Yeni_Rota_2
🚀 get_route_media called for route_id: 164
🔍 Attempting database lookup...
📡 Using connection string: postgresql://poi_user:poi_password@localhost/poi_d...
✅ Database connection established
📊 Database query returned 3 records
✅ Found media in database, processing...
  📋 Processing database record: RealDictRow({'id': 445, 'route_id': 164, 'file_path': 'poi_media/by_route_id/route_164_Yeni_Rota_2/videos/fake2.mp4', 'thumbnail_path': 'poi_media/thumbnails/by_route_id/route_164_Yeni_Rota_2/videos/thumb_fake2.png', 'preview_path': 'poi_media/thumbnails/by_route_id/route_164_Yeni_Rota_2/videos/thumb_fake2.png', 'lat': 38.671, 'lng': 34.951, 'caption': 'fake2', 'is_primary': False, 'media_type': 'video', 'uploaded_at': datetime.datetime(2025, 9, 12, 13, 50, 42, 686614)})
    📁 Original file path: poi_media/by_route_id/route_164_Yeni_Rota_2/videos/fake2.mp4
    📁 Filename: fake2.mp4
    📁 File stem: fake2
    📁 Route folder name: route_164_Yeni_Rota_2
    🔍 Looking for thumbnail: poi_media/thumbnails/by_route_id/route_164_Yeni_Rota_2/images/thumb_fake2.webp
    ❌ Thumbnail not found: poi_media/thumbnails/by_route_id/route_164_Yeni_Rota_2/images/thumb_fake2.webp
    🔍 Looking for preview: poi_media/previews/by_route_id/route_164_Yeni_Rota_2/images/preview_fake2.webp
    ❌ Preview not found: poi_media/previews/by_route_id/route_164_Yeni_Rota_2/images/preview_fake2.webp
    🔍 Checking original file path: poi_media/by_route_id/route_164_Yeni_Rota_2/videos/fake2.mp4
    ✅ Original file exists: poi_media/by_route_id/route_164_Yeni_Rota_2/videos/fake2.mp4
    ✅ Adding media with file: poi_media/by_route_id/route_164_Yeni_Rota_2/videos/fake2.mp4
  📋 Processing database record: RealDictRow({'id': 444, 'route_id': 164, 'file_path': 'poi_media/by_route_id/route_164_Yeni_Rota_2/images/pano.png', 'thumbnail_path': None, 'preview_path': None, 'lat': 38.67, 'lng': 34.95, 'caption': 'panotest', 'is_primary': False, 'media_type': 'panorama', 'uploaded_at': datetime.datetime(2025, 9, 12, 13, 50, 42, 630808)})
    📁 Original file path: poi_media/by_route_id/route_164_Yeni_Rota_2/images/pano.png
    📁 Filename: pano.png
    📁 File stem: pano
    📁 Route folder name: route_164_Yeni_Rota_2
    🔍 Looking for thumbnail: poi_media/thumbnails/by_route_id/route_164_Yeni_Rota_2/images/thumb_pano.webp
    ❌ Thumbnail not found: poi_media/thumbnails/by_route_id/route_164_Yeni_Rota_2/images/thumb_pano.webp
    🔍 Looking for preview: poi_media/previews/by_route_id/route_164_Yeni_Rota_2/images/preview_pano.webp
    ❌ Preview not found: poi_media/previews/by_route_id/route_164_Yeni_Rota_2/images/preview_pano.webp
    🔍 Checking original file path: poi_media/by_route_id/route_164_Yeni_Rota_2/images/pano.png
    ✅ Original file exists: poi_media/by_route_id/route_164_Yeni_Rota_2/images/pano.png
    ✅ Adding media with file: poi_media/by_route_id/route_164_Yeni_Rota_2/images/pano.png
  📋 Processing database record: RealDictRow({'id': 443, 'route_id': 164, 'file_path': 'poi_media/by_route_id/route_164_Yeni_Rota_2/images/c93a44cc.webp', 'thumbnail_path': None, 'preview_path': None, 'lat': 38.63467822222222, 'lng': 34.93563936111111, 'caption': '', 'is_primary': False, 'media_type': 'image', 'uploaded_at': datetime.datetime(2025, 9, 12, 13, 42, 42, 617637)})
    📁 Original file path: poi_media/by_route_id/route_164_Yeni_Rota_2/images/c93a44cc.webp
    📁 Filename: c93a44cc.webp
    📁 File stem: c93a44cc
    📁 Route folder name: route_164_Yeni_Rota_2
    🔍 Looking for thumbnail: poi_media/thumbnails/by_route_id/route_164_Yeni_Rota_2/images/thumb_c93a44cc.webp
    ✅ Thumbnail found: poi_media/thumbnails/by_route_id/route_164_Yeni_Rota_2/images/thumb_c93a44cc.webp
    🔍 Looking for preview: poi_media/previews/by_route_id/route_164_Yeni_Rota_2/images/preview_c93a44cc.webp
    ✅ Preview found: poi_media/previews/by_route_id/route_164_Yeni_Rota_2/images/preview_c93a44cc.webp
    ✅ Using WebP file: poi_media/previews/by_route_id/route_164_Yeni_Rota_2/images/preview_c93a44cc.webp
    ✅ Adding media with file: poi_media/previews/by_route_id/route_164_Yeni_Rota_2/images/preview_c93a44cc.webp
✅ Returning 3 media items from database
🔍 Checking for additional files not in database (previews + originals)...
📁 Checking for additional files in route folder: route_164_Yeni_Rota_2
🚀 get_route_media called for route_id: 164
🔍 Attempting database lookup...
📡 Using connection string: postgresql://poi_user:poi_password@localhost/poi_d...
✅ Database connection established
📊 Database query returned 3 records
✅ Found media in database, processing...
  📋 Processing database record: RealDictRow({'id': 445, 'route_id': 164, 'file_path': 'poi_media/by_route_id/route_164_Yeni_Rota_2/videos/fake2.mp4', 'thumbnail_path': 'poi_media/thumbnails/by_route_id/route_164_Yeni_Rota_2/videos/thumb_fake2.png', 'preview_path': 'poi_media/thumbnails/by_route_id/route_164_Yeni_Rota_2/videos/thumb_fake2.png', 'lat': 38.671, 'lng': 34.951, 'caption': 'fake2', 'is_primary': False, 'media_type': 'video', 'uploaded_at': datetime.datetime(2025, 9, 12, 13, 50, 42, 686614)})
    📁 Original file path: poi_media/by_route_id/route_164_Yeni_Rota_2/videos/fake2.mp4
    📁 Filename: fake2.mp4
    📁 File stem: fake2
    📁 Route folder name: route_164_Yeni_Rota_2
    🔍 Looking for thumbnail: poi_media/thumbnails/by_route_id/route_164_Yeni_Rota_2/images/thumb_fake2.webp
    ❌ Thumbnail not found: poi_media/thumbnails/by_route_id/route_164_Yeni_Rota_2/images/thumb_fake2.webp
    🔍 Looking for preview: poi_media/previews/by_route_id/route_164_Yeni_Rota_2/images/preview_fake2.webp
    ❌ Preview not found: poi_media/previews/by_route_id/route_164_Yeni_Rota_2/images/preview_fake2.webp
    🔍 Checking original file path: poi_media/by_route_id/route_164_Yeni_Rota_2/videos/fake2.mp4
    ✅ Original file exists: poi_media/by_route_id/route_164_Yeni_Rota_2/videos/fake2.mp4
    ✅ Adding media with file: poi_media/by_route_id/route_164_Yeni_Rota_2/videos/fake2.mp4
  📋 Processing database record: RealDictRow({'id': 444, 'route_id': 164, 'file_path': 'poi_media/by_route_id/route_164_Yeni_Rota_2/images/pano.png', 'thumbnail_path': None, 'preview_path': None, 'lat': 38.67, 'lng': 34.95, 'caption': 'panotest', 'is_primary': False, 'media_type': 'panorama', 'uploaded_at': datetime.datetime(2025, 9, 12, 13, 50, 42, 630808)})
    📁 Original file path: poi_media/by_route_id/route_164_Yeni_Rota_2/images/pano.png
    📁 Filename: pano.png
    📁 File stem: pano
    📁 Route folder name: route_164_Yeni_Rota_2
    🔍 Looking for thumbnail: poi_media/thumbnails/by_route_id/route_164_Yeni_Rota_2/images/thumb_pano.webp
    ❌ Thumbnail not found: poi_media/thumbnails/by_route_id/route_164_Yeni_Rota_2/images/thumb_pano.webp
    🔍 Looking for preview: poi_media/previews/by_route_id/route_164_Yeni_Rota_2/images/preview_pano.webp
    ❌ Preview not found: poi_media/previews/by_route_id/route_164_Yeni_Rota_2/images/preview_pano.webp
    🔍 Checking original file path: poi_media/by_route_id/route_164_Yeni_Rota_2/images/pano.png
INFO:werkzeug:172.19.0.5 - - [12/Sep/2025 13:51:01] "GET /api/admin/routes/164/media HTTP/1.1" 200 -
INFO:route_service:Route service database connection established
INFO:route_service:Route service database connection closed
INFO:poi_database_adapter:PostgreSQL veritabanına bağlandı
INFO:werkzeug:172.19.0.5 - - [12/Sep/2025 13:51:39] "GET /api/admin/routes/164 HTTP/1.1" 200 -
INFO:werkzeug:172.19.0.5 - - [12/Sep/2025 13:51:39] "GET /api/routes/164/media HTTP/1.1" 200 -
INFO:poi_database_adapter:PostgreSQL bağlantısı kapatıldı
INFO:werkzeug:172.19.0.5 - - [12/Sep/2025 13:51:39] "GET /api/pois HTTP/1.1" 200 -
INFO:route_service:Route service database connection established
INFO:route_service:Route service database connection closed
INFO:werkzeug:172.19.0.5 - - [12/Sep/2025 13:51:39] "GET /api/admin/routes/164 HTTP/1.1" 200 -
INFO:route_service:Route service database connection established
INFO:route_service:Route service database connection closed
INFO:werkzeug:172.19.0.5 - - [12/Sep/2025 13:51:39] "GET /api/admin/routes/164 HTTP/1.1" 200 -
    ✅ Original file exists: poi_media/by_route_id/route_164_Yeni_Rota_2/images/pano.png
    ✅ Adding media with file: poi_media/by_route_id/route_164_Yeni_Rota_2/images/pano.png
  📋 Processing database record: RealDictRow({'id': 443, 'route_id': 164, 'file_path': 'poi_media/by_route_id/route_164_Yeni_Rota_2/images/c93a44cc.webp', 'thumbnail_path': None, 'preview_path': None, 'lat': 38.63467822222222, 'lng': 34.93563936111111, 'caption': '', 'is_primary': False, 'media_type': 'image', 'uploaded_at': datetime.datetime(2025, 9, 12, 13, 42, 42, 617637)})
    📁 Original file path: poi_media/by_route_id/route_164_Yeni_Rota_2/images/c93a44cc.webp
    📁 Filename: c93a44cc.webp
    📁 File stem: c93a44cc
    📁 Route folder name: route_164_Yeni_Rota_2
    🔍 Looking for thumbnail: poi_media/thumbnails/by_route_id/route_164_Yeni_Rota_2/images/thumb_c93a44cc.webp
    ✅ Thumbnail found: poi_media/thumbnails/by_route_id/route_164_Yeni_Rota_2/images/thumb_c93a44cc.webp
    🔍 Looking for preview: poi_media/previews/by_route_id/route_164_Yeni_Rota_2/images/preview_c93a44cc.webp
    ✅ Preview found: poi_media/previews/by_route_id/route_164_Yeni_Rota_2/images/preview_c93a44cc.webp
    ✅ Using WebP file: poi_media/previews/by_route_id/route_164_Yeni_Rota_2/images/preview_c93a44cc.webp
    ✅ Adding media with file: poi_media/previews/by_route_id/route_164_Yeni_Rota_2/images/preview_c93a44cc.webp
✅ Returning 3 media items from database
🔍 Checking for additional files not in database (previews + originals)...
📁 Checking for additional files in route folder: route_164_Yeni_Rota_2
🚀 get_route_media called for route_id: 164
🔍 Attempting database lookup...
📡 Using connection string: postgresql://poi_user:poi_password@localhost/poi_d...
✅ Database connection established
📊 Database query returned 3 records
✅ Found media in database, processing...
  📋 Processing database record: RealDictRow({'id': 445, 'route_id': 164, 'file_path': 'poi_media/by_route_id/route_164_Yeni_Rota_2/videos/fake2.mp4', 'thumbnail_path': 'poi_media/thumbnails/by_route_id/route_164_Yeni_Rota_2/videos/thumb_fake2.png', 'preview_path': 'poi_media/thumbnails/by_route_id/route_164_Yeni_Rota_2/videos/thumb_fake2.png', 'lat': 38.671, 'lng': 34.951, 'caption': 'fake2', 'is_primary': False, 'media_type': 'video', 'uploaded_at': datetime.datetime(2025, 9, 12, 13, 50, 42, 686614)})
    📁 Original file path: poi_media/by_route_id/route_164_Yeni_Rota_2/videos/fake2.mp4
    📁 Filename: fake2.mp4
    📁 File stem: fake2
    📁 Route folder name: route_164_Yeni_Rota_2
    🔍 Looking for thumbnail: poi_media/thumbnails/by_route_id/route_164_Yeni_Rota_2/images/thumb_fake2.webp
    ❌ Thumbnail not found: poi_media/thumbnails/by_route_id/route_164_Yeni_Rota_2/images/thumb_fake2.webp
    🔍 Looking for preview: poi_media/previews/by_route_id/route_164_Yeni_Rota_2/images/preview_fake2.webp
    ❌ Preview not found: poi_media/previews/by_route_id/route_164_Yeni_Rota_2/images/preview_fake2.webp
    🔍 Checking original file path: poi_media/by_route_id/route_164_Yeni_Rota_2/videos/fake2.mp4
    ✅ Original file exists: poi_media/by_route_id/route_164_Yeni_Rota_2/videos/fake2.mp4
    ✅ Adding media with file: poi_media/by_route_id/route_164_Yeni_Rota_2/videos/fake2.mp4
  📋 Processing database record: RealDictRow({'id': 444, 'route_id': 164, 'file_path': 'poi_media/by_route_id/route_164_Yeni_Rota_2/images/pano.png', 'thumbnail_path': None, 'preview_path': None, 'lat': 38.67, 'lng': 34.95, 'caption': 'panotest', 'is_primary': False, 'media_type': 'panorama', 'uploaded_at': datetime.datetime(2025, 9, 12, 13, 50, 42, 630808)})
    📁 Original file path: poi_media/by_route_id/route_164_Yeni_Rota_2/images/pano.png
    📁 Filename: pano.png
    📁 File stem: pano
    📁 Route folder name: route_164_Yeni_Rota_2
    🔍 Looking for thumbnail: poi_media/thumbnails/by_route_id/route_164_Yeni_Rota_2/images/thumb_pano.webp
    ❌ Thumbnail not found: poi_media/thumbnails/by_route_id/route_164_Yeni_Rota_2/images/thumb_pano.webp
    🔍 Looking for preview: poi_media/previews/by_route_id/route_164_Yeni_Rota_2/images/preview_pano.webp
    ❌ Preview not found: poi_media/previews/by_route_id/route_164_Yeni_Rota_2/images/preview_pano.webp
    🔍 Checking original file path: poi_media/by_route_id/route_164_Yeni_Rota_2/images/pano.png
    ✅ Original file exists: poi_media/by_route_id/route_164_Yeni_Rota_2/images/pano.png
    ✅ Adding media with file: poi_media/by_route_id/route_164_Yeni_Rota_2/images/pano.png
  📋 Processing database record: RealDictRow({'id': 443, 'route_id': 164, 'file_path': 'poi_media/by_route_id/route_164_Yeni_Rota_2/images/c93a44cc.webp', 'thumbnail_path': None, 'preview_path': None, 'lat': 38.63467822222222, 'lng': 34.93563936111111, 'caption': '', 'is_primary': False, 'media_type': 'image', 'uploaded_at': datetime.datetime(2025, 9, 12, 13, 42, 42, 617637)})
    📁 Original file path: poi_media/by_route_id/route_164_Yeni_Rota_2/images/c93a44cc.webp
    📁 Filename: c93a44cc.webp
    📁 File stem: c93a44cc
    📁 Route folder name: route_164_Yeni_Rota_2
    🔍 Looking for thumbnail: poi_media/thumbnails/by_route_id/route_164_Yeni_Rota_2/images/thumb_c93a44cc.webp
    ✅ Thumbnail found: poi_media/thumbnails/by_route_id/route_164_Yeni_Rota_2/images/thumb_c93a44cc.webp
    🔍 Looking for preview: poi_media/previews/by_route_id/route_164_Yeni_Rota_2/images/preview_c93a44cc.webp
    ✅ Preview found: poi_media/previews/by_route_id/route_164_Yeni_Rota_2/images/preview_c93a44cc.webp
    ✅ Using WebP file: poi_media/previews/by_route_id/route_164_Yeni_Rota_2/images/preview_c93a44cc.webp
    ✅ Adding media with file: poi_media/previews/by_route_id/route_164_Yeni_Rota_2/images/preview_c93a44cc.webp
✅ Returning 3 media items from database
🔍 Checking for additional files not in database (previews + originals)...
📁 Checking for additional files in route folder: route_164_Yeni_Rota_2
🚀 get_route_media called for route_id: 164
🔍 Attempting database lookup...
📡 Using connection string: postgresql://poi_user:poi_password@localhost/poi_d...
✅ Database connection established
📊 Database query returned 3 records
✅ Found media in database, processing...
  📋 Processing database record: RealDictRow({'id': 445, 'route_id': 164, 'file_path': 'poi_media/by_route_id/route_164_Yeni_Rota_2/videos/fake2.mp4', 'thumbnail_path': 'poi_media/thumbnails/by_route_id/route_164_Yeni_Rota_2/videos/thumb_fake2.png', 'preview_path': 'poi_media/thumbnails/by_route_id/route_164_Yeni_Rota_2/videos/thumb_fake2.png', 'lat': 38.671, 'lng': 34.951, 'caption': 'fake2', 'is_primary': False, 'media_type': 'video', 'uploaded_at': datetime.datetime(2025, 9, 12, 13, 50, 42, 686614)})
    📁 Original file path: poi_media/by_route_id/route_164_Yeni_Rota_2/videos/fake2.mp4
    📁 Filename: fake2.mp4
    📁 File stem: fake2
    📁 Route folder name: route_164_Yeni_Rota_2
    🔍 Looking for thumbnail: poi_media/thumbnails/by_route_id/route_164_Yeni_Rota_2/images/thumb_fake2.webp
    ❌ Thumbnail not found: poi_media/thumbnails/by_route_id/route_164_Yeni_Rota_2/images/thumb_fake2.webp
    🔍 Looking for preview: poi_media/previews/by_route_id/route_164_Yeni_Rota_2/images/preview_fake2.webp
    ❌ Preview not found: poi_media/previews/by_route_id/route_164_Yeni_Rota_2/images/preview_fake2.webp
    🔍 Checking original file path: poi_media/by_route_id/route_164_Yeni_Rota_2/videos/fake2.mp4
    ✅ Original file exists: poi_media/by_route_id/route_164_Yeni_Rota_2/videos/fake2.mp4
    ✅ Adding media with file: poi_media/by_route_id/route_164_Yeni_Rota_2/videos/fake2.mp4
  📋 Processing database record: RealDictRow({'id': 444, 'route_id': 164, 'file_path': 'poi_media/by_route_id/route_164_Yeni_Rota_2/images/pano.png', 'thumbnail_path': None, 'preview_path': None, 'lat': 38.67, 'lng': 34.95, 'caption': 'panotest', 'is_primary': False, 'media_type': 'panorama', 'uploaded_at': datetime.datetime(2025, 9, 12, 13, 50, 42, 630808)})
    📁 Original file path: poi_media/by_route_id/route_164_Yeni_Rota_2/images/pano.pngINFO:werkzeug:172.19.0.5 - - [12/Sep/2025 13:51:39] "GET /api/admin/routes/164/media HTTP/1.1" 200 -
INFO:werkzeug:172.19.0.5 - - [12/Sep/2025 13:51:39] "GET /api/admin/routes/164/media HTTP/1.1" 200 -
INFO:werkzeug:172.19.0.5 - - [12/Sep/2025 13:51:40] "GET /poi_media/thumbnails/by_route_id/route_164_Yeni_Rota_2/images/thumb_c93a44cc.webp HTTP/1.1" 200 -
INFO:werkzeug:172.19.0.5 - - [12/Sep/2025 13:51:40] "GET /poi_media/by_route_id/route_164_Yeni_Rota_2/images/pano.png HTTP/1.1" 200 -
INFO:werkzeug:172.19.0.5 - - [12/Sep/2025 13:51:45] "DELETE /api/admin/routes/164/media/pano.png HTTP/1.1" 200 -

    📁 Filename: pano.png
    📁 File stem: pano
    📁 Route folder name: route_164_Yeni_Rota_2
    🔍 Looking for thumbnail: poi_media/thumbnails/by_route_id/route_164_Yeni_Rota_2/images/thumb_pano.webp
    ❌ Thumbnail not found: poi_media/thumbnails/by_route_id/route_164_Yeni_Rota_2/images/thumb_pano.webp
    🔍 Looking for preview: poi_media/previews/by_route_id/route_164_Yeni_Rota_2/images/preview_pano.webp
    ❌ Preview not found: poi_media/previews/by_route_id/route_164_Yeni_Rota_2/images/preview_pano.webp
    🔍 Checking original file path: poi_media/by_route_id/route_164_Yeni_Rota_2/images/pano.png
    ✅ Original file exists: poi_media/by_route_id/route_164_Yeni_Rota_2/images/pano.png
    ✅ Adding media with file: poi_media/by_route_id/route_164_Yeni_Rota_2/images/pano.png
  📋 Processing database record: RealDictRow({'id': 443, 'route_id': 164, 'file_path': 'poi_media/by_route_id/route_164_Yeni_Rota_2/images/c93a44cc.webp', 'thumbnail_path': None, 'preview_path': None, 'lat': 38.63467822222222, 'lng': 34.93563936111111, 'caption': '', 'is_primary': False, 'media_type': 'image', 'uploaded_at': datetime.datetime(2025, 9, 12, 13, 42, 42, 617637)})
    📁 Original file path: poi_media/by_route_id/route_164_Yeni_Rota_2/images/c93a44cc.webp
    📁 Filename: c93a44cc.webp
    📁 File stem: c93a44cc
    📁 Route folder name: route_164_Yeni_Rota_2
    🔍 Looking for thumbnail: poi_media/thumbnails/by_route_id/route_164_Yeni_Rota_2/images/thumb_c93a44cc.webp
    ✅ Thumbnail found: poi_media/thumbnails/by_route_id/route_164_Yeni_Rota_2/images/thumb_c93a44cc.webp
    🔍 Looking for preview: poi_media/previews/by_route_id/route_164_Yeni_Rota_2/images/preview_c93a44cc.webp
    ✅ Preview found: poi_media/previews/by_route_id/route_164_Yeni_Rota_2/images/preview_c93a44cc.webp
    ✅ Using WebP file: poi_media/previews/by_route_id/route_164_Yeni_Rota_2/images/preview_c93a44cc.webp
    ✅ Adding media with file: poi_media/previews/by_route_id/route_164_Yeni_Rota_2/images/preview_c93a44cc.webp
✅ Returning 3 media items from database
🔍 Checking for additional files not in database (previews + originals)...
📁 Checking for additional files in route folder: route_164_Yeni_Rota_2
🚀 get_route_media called for route_id: 164
🔍 Attempting database lookup...
📡 Using connection string: postgresql://poi_user:poi_password@localhost/poi_d...
✅ Database connection established
📊 Database query returned 3 records
✅ Found media in database, processing...
  📋 Processing database record: RealDictRow({'id': 445, 'route_id': 164, 'file_path': 'poi_media/by_route_id/route_164_Yeni_Rota_2/videos/fake2.mp4', 'thumbnail_path': 'poi_media/thumbnails/by_route_id/route_164_Yeni_Rota_2/videos/thumb_fake2.png', 'preview_path': 'poi_media/thumbnails/by_route_id/route_164_Yeni_Rota_2/videos/thumb_fake2.png', 'lat': 38.671, 'lng': 34.951, 'caption': 'fake2', 'is_primary': False, 'media_type': 'video', 'uploaded_at': datetime.datetime(2025, 9, 12, 13, 50, 42, 686614)})
    📁 Original file path: poi_media/by_route_id/route_164_Yeni_Rota_2/videos/fake2.mp4
    📁 Filename: fake2.mp4
    📁 File stem: fake2
    📁 Route folder name: route_164_Yeni_Rota_2
    🔍 Looking for thumbnail: poi_media/thumbnails/by_route_id/route_164_Yeni_Rota_2/images/thumb_fake2.webp
    ❌ Thumbnail not found: poi_media/thumbnails/by_route_id/route_164_Yeni_Rota_2/images/thumb_fake2.webp
    🔍 Looking for preview: poi_media/previews/by_route_id/route_164_Yeni_Rota_2/images/preview_fake2.webp
    ❌ Preview not found: poi_media/previews/by_route_id/route_164_Yeni_Rota_2/images/preview_fake2.webp
    🔍 Checking original file path: poi_media/by_route_id/route_164_Yeni_Rota_2/videos/fake2.mp4
    ✅ Original file exists: poi_media/by_route_id/route_164_Yeni_Rota_2/videos/fake2.mp4
    ✅ Adding media with file: poi_media/by_route_id/route_164_Yeni_Rota_2/videos/fake2.mp4
  📋 Processing database record: RealDictRow({'id': 444, 'route_id': 164, 'file_path': 'poi_media/by_route_id/route_164_Yeni_Rota_2/images/pano.png', 'thumbnail_path': None, 'preview_path': None, 'lat': 38.67, 'lng': 34.95, 'caption': 'panotest', 'is_primary': False, 'media_type': 'panorama', 'uploaded_at': datetime.datetime(2025, 9, 12, 13, 50, 42, 630808)})
    📁 Original file path: poi_media/by_route_id/route_164_Yeni_Rota_2/images/pano.png
    📁 Filename: pano.png
    📁 File stem: pano
    📁 Route folder name: route_164_Yeni_Rota_2
    🔍 Looking for thumbnail: poi_media/thumbnails/by_route_id/route_164_Yeni_Rota_2/images/thumb_pano.webp
    ❌ Thumbnail not found: poi_media/thumbnails/by_route_id/route_164_Yeni_Rota_2/images/thumb_pano.webp
    🔍 Looking for preview: poi_media/previews/by_route_id/route_164_Yeni_Rota_2/images/preview_pano.webp
    ❌ Preview not found: poi_media/previews/by_route_id/route_164_Yeni_Rota_2/images/preview_pano.webp
    🔍 Checking original file path: poi_media/by_route_id/route_164_Yeni_Rota_2/images/pano.png
    ✅ Original file exists: poi_media/by_route_id/route_164_Yeni_Rota_2/images/pano.png
    ✅ Adding media with file: poi_media/by_route_id/route_164_Yeni_Rota_2/images/pano.png
  📋 Processing database record: RealDictRow({'id': 443, 'route_id': 164, 'file_path': 'poi_media/by_route_id/route_164_Yeni_Rota_2/images/c93a44cc.webp', 'thumbnail_path': None, 'preview_path': None, 'lat': 38.63467822222222, 'lng': 34.93563936111111, 'caption': '', 'is_primary': False, 'media_type': 'image', 'uploaded_at': datetime.datetime(2025, 9, 12, 13, 42, 42, 617637)})
    📁 Original file path: poi_media/by_route_id/route_164_Yeni_Rota_2/images/c93a44cc.webp
    📁 Filename: c93a44cc.webp
    📁 File stem: c93a44cc
    📁 Route folder name: route_164_Yeni_Rota_2
    🔍 Looking for thumbnail: poi_media/thumbnails/by_route_id/route_164_Yeni_Rota_2/images/thumb_c93a44cc.webp
    ✅ Thumbnail found: poi_media/thumbnails/by_route_id/route_164_Yeni_Rota_2/images/thumb_c93a44cc.webp
    🔍 Looking for preview: poi_media/previews/by_route_id/route_164_Yeni_Rota_2/images/preview_c93a44cc.webp
    ✅ Preview found: poi_media/previews/by_route_id/route_164_Yeni_Rota_2/images/preview_c93a44cc.webp
    ✅ Using WebP file: poi_media/previews/by_route_id/route_164_Yeni_Rota_2/images/preview_c93a44cc.webp
    ✅ Adding media with file: poi_media/previews/by_route_id/route_164_Yeni_Rota_2/images/preview_c93a44cc.webp
✅ Returning 3 media items from database
🔍 Checking for additional files not in database (previews + originals)...
📁 Checking for additional files in route folder: route_164_Yeni_Rota_2
🔍 Deleting media: route_id=164, filename=pano.png
🔍 File stem: pano, extension: .png
🔍 Looking for files with stem: pano (original: pano)
📂 Found 1 route folder(s)
📂 Processing route folder: poi_media/by_route_id/route_164_Yeni_Rota_2
⚠️ Preview file not found: poi_media/previews/by_route_id/route_164_Yeni_Rota_2/images/preview_pano.webp
⚠️ Thumbnail file not found: poi_media/thumbnails/by_route_id/route_164_Yeni_Rota_2/images/thumb_pano.webp
🔍 Searching in original directory: poi_media/by_route_id/route_164_Yeni_Rota_2/images
🔍 Checking file: pano.png (stem: pano)
✅ Original file deleted: poi_media/by_route_id/route_164_Yeni_Rota_2/images/pano.png
✅ Database record deleted for route 164, filename pano.png
🚀 get_route_media called for route_id: 164
🔍 Attempting database lookup...
📡 Using connection string: postgresql://poi_user:poi_password@localhost/poi_d...
✅ Database connection established
📊 Database query returned 2 records
✅ Found media in database, processing...
INFO:werkzeug:172.19.0.5 - - [12/Sep/2025 13:51:45] "GET /api/admin/routes/164/media HTTP/1.1" 200 -
INFO:werkzeug:172.19.0.5 - - [12/Sep/2025 13:51:45] "GET /poi_media/thumbnails/by_route_id/route_164_Yeni_Rota_2/images/thumb_c93a44cc.webp HTTP/1.1" 200 -
INFO:werkzeug:172.19.0.5 - - [12/Sep/2025 13:51:47] "DELETE /api/admin/routes/164/media/fake2.mp4 HTTP/1.1" 200 -
INFO:werkzeug:172.19.0.5 - - [12/Sep/2025 13:51:47] "GET /api/admin/routes/164/media HTTP/1.1" 200 -
INFO:werkzeug:172.19.0.5 - - [12/Sep/2025 13:51:48] "GET /poi_media/thumbnails/by_route_id/route_164_Yeni_Rota_2/images/thumb_c93a44cc.webp HTTP/1.1" 200 -
INFO:werkzeug:172.19.0.5 - - [12/Sep/2025 13:51:49] "DELETE /api/admin/routes/164/media/c93a44cc.webp HTTP/1.1" 200 -
INFO:werkzeug:172.19.0.5 - - [12/Sep/2025 13:51:50] "GET /api/admin/routes/164/media HTTP/1.1" 200 -
INFO:route_service:Route service database connection established
INFO:route_service:Route 164 updated successfully
INFO:route_service:Route service database connection closed
INFO:werkzeug:172.19.0.5 - - [12/Sep/2025 13:51:51] "PUT /api/admin/routes/164 HTTP/1.1" 200 -
INFO:route_service:Route service database connection established
INFO:route_service:Route service database connection closed
INFO:werkzeug:172.19.0.5 - - [12/Sep/2025 13:51:51] "GET /api/admin/routes HTTP/1.1" 200 -
INFO:route_service:Route service database connection established
INFO:route_service:Route service database connection closed
INFO:werkzeug:172.19.0.5 - - [12/Sep/2025 13:51:51] "GET /api/admin/routes/164 HTTP/1.1" 200 -
  📋 Processing database record: RealDictRow({'id': 445, 'route_id': 164, 'file_path': 'poi_media/by_route_id/route_164_Yeni_Rota_2/videos/fake2.mp4', 'thumbnail_path': 'poi_media/thumbnails/by_route_id/route_164_Yeni_Rota_2/videos/thumb_fake2.png', 'preview_path': 'poi_media/thumbnails/by_route_id/route_164_Yeni_Rota_2/videos/thumb_fake2.png', 'lat': 38.671, 'lng': 34.951, 'caption': 'fake2', 'is_primary': False, 'media_type': 'video', 'uploaded_at': datetime.datetime(2025, 9, 12, 13, 50, 42, 686614)})
    📁 Original file path: poi_media/by_route_id/route_164_Yeni_Rota_2/videos/fake2.mp4
    📁 Filename: fake2.mp4
    📁 File stem: fake2
    📁 Route folder name: route_164_Yeni_Rota_2
    🔍 Looking for thumbnail: poi_media/thumbnails/by_route_id/route_164_Yeni_Rota_2/images/thumb_fake2.webp
    ❌ Thumbnail not found: poi_media/thumbnails/by_route_id/route_164_Yeni_Rota_2/images/thumb_fake2.webp
    🔍 Looking for preview: poi_media/previews/by_route_id/route_164_Yeni_Rota_2/images/preview_fake2.webp
    ❌ Preview not found: poi_media/previews/by_route_id/route_164_Yeni_Rota_2/images/preview_fake2.webp
    🔍 Checking original file path: poi_media/by_route_id/route_164_Yeni_Rota_2/videos/fake2.mp4
    ✅ Original file exists: poi_media/by_route_id/route_164_Yeni_Rota_2/videos/fake2.mp4
    ✅ Adding media with file: poi_media/by_route_id/route_164_Yeni_Rota_2/videos/fake2.mp4
  📋 Processing database record: RealDictRow({'id': 443, 'route_id': 164, 'file_path': 'poi_media/by_route_id/route_164_Yeni_Rota_2/images/c93a44cc.webp', 'thumbnail_path': None, 'preview_path': None, 'lat': 38.63467822222222, 'lng': 34.93563936111111, 'caption': '', 'is_primary': False, 'media_type': 'image', 'uploaded_at': datetime.datetime(2025, 9, 12, 13, 42, 42, 617637)})
    📁 Original file path: poi_media/by_route_id/route_164_Yeni_Rota_2/images/c93a44cc.webp
    📁 Filename: c93a44cc.webp
    📁 File stem: c93a44cc
    📁 Route folder name: route_164_Yeni_Rota_2
    🔍 Looking for thumbnail: poi_media/thumbnails/by_route_id/route_164_Yeni_Rota_2/images/thumb_c93a44cc.webp
    ✅ Thumbnail found: poi_media/thumbnails/by_route_id/route_164_Yeni_Rota_2/images/thumb_c93a44cc.webp
    🔍 Looking for preview: poi_media/previews/by_route_id/route_164_Yeni_Rota_2/images/preview_c93a44cc.webp
    ✅ Preview found: poi_media/previews/by_route_id/route_164_Yeni_Rota_2/images/preview_c93a44cc.webp
    ✅ Using WebP file: poi_media/previews/by_route_id/route_164_Yeni_Rota_2/images/preview_c93a44cc.webp
    ✅ Adding media with file: poi_media/previews/by_route_id/route_164_Yeni_Rota_2/images/preview_c93a44cc.webp
✅ Returning 2 media items from database
🔍 Checking for additional files not in database (previews + originals)...
📁 Checking for additional files in route folder: route_164_Yeni_Rota_2
🔍 Deleting media: route_id=164, filename=fake2.mp4
🔍 File stem: fake2, extension: .mp4
🔍 Looking for files with stem: fake2 (original: fake2)
📂 Found 1 route folder(s)
📂 Processing route folder: poi_media/by_route_id/route_164_Yeni_Rota_2
⚠️ Preview file not found: poi_media/previews/by_route_id/route_164_Yeni_Rota_2/images/preview_fake2.webp
⚠️ Thumbnail file not found: poi_media/thumbnails/by_route_id/route_164_Yeni_Rota_2/images/thumb_fake2.webp
🔍 Searching in original directory: poi_media/by_route_id/route_164_Yeni_Rota_2/images
🔍 Checking file: c93a44cc.webp (stem: c93a44cc)
✅ Video preview file deleted: poi_media/previews/by_route_id/route_164_Yeni_Rota_2/videos/preview_fake2.png
✅ Video thumbnail file deleted: poi_media/thumbnails/by_route_id/route_164_Yeni_Rota_2/videos/thumb_fake2.png
✅ Video original file deleted: poi_media/by_route_id/route_164_Yeni_Rota_2/videos/fake2.mp4
✅ Database record deleted for route 164, filename fake2.mp4
🚀 get_route_media called for route_id: 164
🔍 Attempting database lookup...
📡 Using connection string: postgresql://poi_user:poi_password@localhost/poi_d...
✅ Database connection established
📊 Database query returned 1 records
✅ Found media in database, processing...
  📋 Processing database record: RealDictRow({'id': 443, 'route_id': 164, 'file_path': 'poi_media/by_route_id/route_164_Yeni_Rota_2/images/c93a44cc.webp', 'thumbnail_path': None, 'preview_path': None, 'lat': 38.63467822222222, 'lng': 34.93563936111111, 'caption': '', 'is_primary': False, 'media_type': 'image', 'uploaded_at': datetime.datetime(2025, 9, 12, 13, 42, 42, 617637)})
    📁 Original file path: poi_media/by_route_id/route_164_Yeni_Rota_2/images/c93a44cc.webp
    📁 Filename: c93a44cc.webp
    📁 File stem: c93a44cc
    📁 Route folder name: route_164_Yeni_Rota_2
    🔍 Looking for thumbnail: poi_media/thumbnails/by_route_id/route_164_Yeni_Rota_2/images/thumb_c93a44cc.webp
    ✅ Thumbnail found: poi_media/thumbnails/by_route_id/route_164_Yeni_Rota_2/images/thumb_c93a44cc.webp
    🔍 Looking for preview: poi_media/previews/by_route_id/route_164_Yeni_Rota_2/images/preview_c93a44cc.webp
    ✅ Preview found: poi_media/previews/by_route_id/route_164_Yeni_Rota_2/images/preview_c93a44cc.webp
    ✅ Using WebP file: poi_media/previews/by_route_id/route_164_Yeni_Rota_2/images/preview_c93a44cc.webp
    ✅ Adding media with file: poi_media/previews/by_route_id/route_164_Yeni_Rota_2/images/preview_c93a44cc.webp
✅ Returning 1 media items from database
🔍 Checking for additional files not in database (previews + originals)...
📁 Checking for additional files in route folder: route_164_Yeni_Rota_2
🔍 Deleting media: route_id=164, filename=c93a44cc.webp
🔍 File stem: c93a44cc, extension: .webp
🔍 Looking for files with stem: c93a44cc (original: c93a44cc)
📂 Found 1 route folder(s)
📂 Processing route folder: poi_media/by_route_id/route_164_Yeni_Rota_2
✅ Preview file deleted: poi_media/previews/by_route_id/route_164_Yeni_Rota_2/images/preview_c93a44cc.webp
✅ Thumbnail file deleted: poi_media/thumbnails/by_route_id/route_164_Yeni_Rota_2/images/thumb_c93a44cc.webp
🔍 Searching in original directory: poi_media/by_route_id/route_164_Yeni_Rota_2/images
🔍 Checking file: c93a44cc.webp (stem: c93a44cc)
✅ Original file deleted: poi_media/by_route_id/route_164_Yeni_Rota_2/images/c93a44cc.webp
✅ Database record deleted for route 164, filename c93a44cc.webp
🚀 get_route_media called for route_id: 164
🔍 Attempting database lookup...
📡 Using connection string: postgresql://poi_user:poi_password@localhost/poi_d...
✅ Database connection established
📊 Database query returned 0 records
⚠️ No media found in database, falling back to filesystem...
🔍 Database returned no results, falling back to filesystem...
✅ Base route directory found: poi_media/by_route_id
📂 Found route folder: poi_media/by_route_id/route_164_Yeni_Rota_2
📁 Checking image directory: poi_media/by_route_id/route_164_Yeni_Rota_2/images
📁 Checking video directory: poi_media/by_route_id/route_164_Yeni_Rota_2/videos
📊 Total media files found in filesystem: 0
🔍 No media found in main directories, checking WebP files...
📂 Checking WebP files in route folder: poi_media/by_route_id/route_164_Yeni_Rota_2
  📁 Preview dir: poi_media/previews/by_route_id/route_164_Yeni_Rota_2/images (exists: True)
  📁 Thumbnail dir: poi_media/thumbnails/by_route_id/route_164_Yeni_Rota_2/images (exists: True)
📊 Final total media files: 0
🚀 get_route_media called for route_id: 164
🔍 Attempting database lookup...
📡 Using connection string: postgresql://poi_user:poi_password@localhost/poi_d...
✅ Database connection established
📊 Database query returned 0 records
⚠️ No media found in database, falling back to filesystem...
🔍 Database returned no results, falling back to filesystem...
✅ Base route directory found: poi_media/by_route_id
📂 Found route folder: poi_media/by_route_id/route_164_Yeni_Rota_2
📁 Checking image directory: poi_media/by_route_id/route_164_Yeni_Rota_2/images
📁 Checking video directory: poi_media/by_route_id/route_164_Yeni_Rota_2/videos
📊 Total media files found in filesystem: 0
INFO:werkzeug:172.19.0.5 - - [12/Sep/2025 13:51:52] "GET /api/admin/routes/164/media HTTP/1.1" 200 -
INFO:werkzeug:172.19.0.5 - - [12/Sep/2025 13:51:57] "GET /route_manager_enhanced.html HTTP/1.1" 200 -
INFO:werkzeug:172.19.0.5 - - [12/Sep/2025 13:51:57] "GET /static/css/poi_recommendation_system.css HTTP/1.1" 200 -
INFO:werkzeug:172.19.0.5 - - [12/Sep/2025 13:51:57] "GET /static/js/rate-limiter.js HTTP/1.1" 200 -
INFO:werkzeug:172.19.0.5 - - [12/Sep/2025 13:51:57] "GET /static/js/api-client.js HTTP/1.1" 200 -
INFO:werkzeug:172.19.0.5 - - [12/Sep/2025 13:51:57] "GET /static/js/map-layer-control.js HTTP/1.1" 200 -
INFO:werkzeug:172.19.0.5 - - [12/Sep/2025 13:51:57] "GET /static/js/elevation-chart.js HTTP/1.1" 200 -
INFO:werkzeug:172.19.0.5 - - [12/Sep/2025 13:51:57] "GET /static/js/route-admin-manager.js HTTP/1.1" 200 -
INFO:werkzeug:172.19.0.5 - - [12/Sep/2025 13:51:57] "GET /static/js/navigation-manager.js HTTP/1.1" 200 -
INFO:route_service:Route service database connection established
INFO:route_service:Route service database connection closed
INFO:werkzeug:172.19.0.5 - - [12/Sep/2025 13:51:57] "GET /api/admin/routes HTTP/1.1" 200 -
INFO:poi_database_adapter:PostgreSQL veritabanına bağlandı
INFO:poi_database_adapter:PostgreSQL bağlantısı kapatıldı
INFO:werkzeug:172.19.0.5 - - [12/Sep/2025 13:51:57] "GET /api/pois HTTP/1.1" 200 -
INFO:werkzeug:172.19.0.5 - - [12/Sep/2025 13:51:57] "GET /auth/csrf-token HTTP/1.1" 200 -
INFO:route_service:Route service database connection established
INFO:route_service:Route service database connection closed
INFO:werkzeug:172.19.0.5 - - [12/Sep/2025 13:51:57] "GET /api/admin/routes HTTP/1.1" 200 -
INFO:route_service:Route service database connection established
INFO:route_service:Route service database connection closed
INFO:werkzeug:172.19.0.5 - - [12/Sep/2025 13:52:00] "GET /api/admin/routes/164 HTTP/1.1" 200 -
INFO:route_service:Route service database connection established
INFO:route_service:Route service database connection closed
INFO:werkzeug:172.19.0.5 - - [12/Sep/2025 13:52:00] "GET /api/admin/routes/164 HTTP/1.1" 200 -
INFO:route_service:Route service database connection established
INFO:route_service:Retrieved geometry for route 164
INFO:werkzeug:172.19.0.5 - - [12/Sep/2025 13:52:00] "GET /api/routes/164/geometry HTTP/1.1" 200 -
INFO:werkzeug:172.19.0.5 - - [12/Sep/2025 13:52:00] "GET /api/admin/routes/164/media HTTP/1.1" 200 -
INFO:route_service:Route service database connection established
INFO:route_service:Route service database connection closed
INFO:werkzeug:172.19.0.5 - - [12/Sep/2025 13:52:01] "GET /api/admin/routes/164 HTTP/1.1" 200 -
INFO:werkzeug:172.19.0.5 - - [12/Sep/2025 13:52:01] "GET /api/admin/routes/164/media HTTP/1.1" 200 -
INFO:werkzeug:172.19.0.5 - - [12/Sep/2025 13:52:01] "GET /api/admin/routes/164/media HTTP/1.1" 200 -
INFO:werkzeug:172.19.0.5 - - [12/Sep/2025 13:52:01] "GET /api/admin/routes/164/media HTTP/1.1" 200 -
INFO:poi_database_adapter:PostgreSQL veritabanına bağlandı
INFO:route_service:Route service database connection established
INFO:route_service:Route service database connection closed
INFO:werkzeug:172.19.0.5 - - [12/Sep/2025 13:52:03] "GET /api/admin/routes/164 HTTP/1.1" 200 -
INFO:werkzeug:172.19.0.5 - - [12/Sep/2025 13:52:03] "GET /api/routes/164/media HTTP/1.1" 200 -
INFO:route_service:Route service database connection established
INFO:route_service:Route service database connection closed
INFO:werkzeug:172.19.0.5 - - [12/Sep/2025 13:52:03] "GET /api/admin/routes/164 HTTP/1.1" 200 -
INFO:poi_database_adapter:PostgreSQL bağlantısı kapatıldı
INFO:werkzeug:172.19.0.5 - - [12/Sep/2025 13:52:03] "GET /api/pois HTTP/1.1" 200 -
INFO:route_service:Route service database connection established
INFO:route_service:Route service database connection closed
INFO:werkzeug:172.19.0.5 - - [12/Sep/2025 13:52:04] "GET /api/admin/routes/164 HTTP/1.1" 200 -
INFO:werkzeug:172.19.0.5 - - [12/Sep/2025 13:52:04] "GET /api/admin/routes/164/media HTTP/1.1" 200 -
INFO:werkzeug:172.19.0.5 - - [12/Sep/2025 13:52:04] "GET /api/admin/routes/164/media HTTP/1.1" 200 -
🔍 No media found in main directories, checking WebP files...
📂 Checking WebP files in route folder: poi_media/by_route_id/route_164_Yeni_Rota_2
  📁 Preview dir: poi_media/previews/by_route_id/route_164_Yeni_Rota_2/images (exists: True)
  📁 Thumbnail dir: poi_media/thumbnails/by_route_id/route_164_Yeni_Rota_2/images (exists: True)
📊 Final total media files: 0
🚀 get_route_media called for route_id: 164
🔍 Attempting database lookup...
📡 Using connection string: postgresql://poi_user:poi_password@localhost/poi_d...
✅ Database connection established
📊 Database query returned 0 records
⚠️ No media found in database, falling back to filesystem...
🔍 Database returned no results, falling back to filesystem...
✅ Base route directory found: poi_media/by_route_id
📂 Found route folder: poi_media/by_route_id/route_164_Yeni_Rota_2
📁 Checking image directory: poi_media/by_route_id/route_164_Yeni_Rota_2/images
📁 Checking video directory: poi_media/by_route_id/route_164_Yeni_Rota_2/videos
📊 Total media files found in filesystem: 0
🔍 No media found in main directories, checking WebP files...
📂 Checking WebP files in route folder: poi_media/by_route_id/route_164_Yeni_Rota_2
  📁 Preview dir: poi_media/previews/by_route_id/route_164_Yeni_Rota_2/images (exists: True)
  📁 Thumbnail dir: poi_media/thumbnails/by_route_id/route_164_Yeni_Rota_2/images (exists: True)
📊 Final total media files: 0
🚀 get_route_media called for route_id: 164
🔍 Attempting database lookup...
📡 Using connection string: postgresql://poi_user:poi_password@localhost/poi_d...
✅ Database connection established
📊 Database query returned 0 records
⚠️ No media found in database, falling back to filesystem...
🔍 Database returned no results, falling back to filesystem...
✅ Base route directory found: poi_media/by_route_id
📂 Found route folder: poi_media/by_route_id/route_164_Yeni_Rota_2
📁 Checking image directory: poi_media/by_route_id/route_164_Yeni_Rota_2/images
📁 Checking video directory: poi_media/by_route_id/route_164_Yeni_Rota_2/videos
📊 Total media files found in filesystem: 0
🔍 No media found in main directories, checking WebP files...
📂 Checking WebP files in route folder: poi_media/by_route_id/route_164_Yeni_Rota_2
  📁 Preview dir: poi_media/previews/by_route_id/route_164_Yeni_Rota_2/images (exists: True)
  📁 Thumbnail dir: poi_media/thumbnails/by_route_id/route_164_Yeni_Rota_2/images (exists: True)
📊 Final total media files: 0
🚀 get_route_media called for route_id: 164
🔍 Attempting database lookup...
📡 Using connection string: postgresql://poi_user:poi_password@localhost/poi_d...
✅ Database connection established
📊 Database query returned 0 records
⚠️ No media found in database, falling back to filesystem...
🔍 Database returned no results, falling back to filesystem...
✅ Base route directory found: poi_media/by_route_id
📂 Found route folder: poi_media/by_route_id/route_164_Yeni_Rota_2
📁 Checking image directory: poi_media/by_route_id/route_164_Yeni_Rota_2/images
📁 Checking video directory: poi_media/by_route_id/route_164_Yeni_Rota_2/videos
📊 Total media files found in filesystem: 0
🔍 No media found in main directories, checking WebP files...
📂 Checking WebP files in route folder: poi_media/by_route_id/route_164_Yeni_Rota_2
  📁 Preview dir: poi_media/previews/by_route_id/route_164_Yeni_Rota_2/images (exists: True)
  📁 Thumbnail dir: poi_media/thumbnails/by_route_id/route_164_Yeni_Rota_2/images (exists: True)
📊 Final total media files: 0
🚀 get_route_media called for route_id: 164
🔍 Attempting database lookup...
📡 Using connection string: postgresql://poi_user:poi_password@localhost/poi_d...
✅ Database connection established
📊 Database query returned 0 records
⚠️ No media found in database, falling back to filesystem...
🔍 Database returned no results, falling back to filesystem...
✅ Base route directory found: poi_media/by_route_id
📂 Found route folder: poi_media/by_route_id/route_164_Yeni_Rota_2
📁 Checking image directory: poi_media/by_route_id/route_164_Yeni_Rota_2/images
📁 Checking video directory: poi_media/by_route_id/route_164_Yeni_Rota_2/videos
📊 Total media files found in filesystem: 0
🔍 No media found in main directories, checking WebP files...
📂 Checking WebP files in route folder: poi_media/by_route_id/route_164_Yeni_Rota_2
  📁 Preview dir: poi_media/previews/by_route_id/route_164_Yeni_Rota_2/images (exists: True)
  📁 Thumbnail dir: poi_media/thumbnails/by_route_id/route_164_Yeni_Rota_2/images (exists: True)
📊 Final total media files: 0
🚀 get_route_media called for route_id: 164
🔍 Attempting database lookup...
📡 Using connection string: postgresql://poi_user:poi_password@localhost/poi_d...
✅ Database connection established
📊 Database query returned 0 records
⚠️ No media found in database, falling back to filesystem...
🔍 Database returned no results, falling back to filesystem...
✅ Base route directory found: poi_media/by_route_id
📂 Found route folder: poi_media/by_route_id/route_164_Yeni_Rota_2
📁 Checking image directory: poi_media/by_route_id/route_164_Yeni_Rota_2/images
📁 Checking video directory: poi_media/by_route_id/route_164_Yeni_Rota_2/videos
📊 Total media files found in filesystem: 0
🔍 No media found in main directories, checking WebP files...
📂 Checking WebP files in route folder: poi_media/by_route_id/route_164_Yeni_Rota_2
  📁 Preview dir: poi_media/previews/by_route_id/route_164_Yeni_Rota_2/images (exists: True)
  📁 Thumbnail dir: poi_media/thumbnails/by_route_id/route_164_Yeni_Rota_2/images (exists: True)
📊 Final total media files: 0
🚀 get_route_media called for route_id: 164
🔍 Attempting database lookup...
📡 Using connection string: postgresql://poi_user:poi_password@localhost/poi_d...
✅ Database connection established
📊 Database query returned 0 records
⚠️ No media found in database, falling back to filesystem...
🔍 Database returned no results, falling back to filesystem...
✅ Base route directory found: poi_media/by_route_id
📂 Found route folder: poi_media/by_route_id/route_164_Yeni_Rota_2
📁 Checking image directory: poi_media/by_route_id/route_164_Yeni_Rota_2/images
📁 Checking video directory: poi_media/by_route_id/route_164_Yeni_Rota_2/videos
📊 Total media files found in filesystem: 0
🔍 No media found in main directories, checking WebP files...
📂 Checking WebP files in route folder: poi_media/by_route_id/route_164_Yeni_Rota_2
  📁 Preview dir: poi_media/previews/by_route_id/route_164_Yeni_Rota_2/images (exists: True)
  📁 Thumbnail dir: poi_media/thumbnails/by_route_id/route_164_Yeni_Rota_2/images (exists: True)
📊 Final total media files: 0
🚀 get_route_media called for route_id: 164
🔍 Attempting database lookup...
📡 Using connection string: postgresql://poi_user:poi_password@localhost/poi_d...
✅ Database connection established
📊 Database query returned 0 records
⚠️ No media found in database, falling back to filesystem...
🔍 Database returned no results, falling back to filesystem...
✅ Base route directory found: poi_media/by_route_id
📂 Found route folder: poi_media/by_route_id/route_164_Yeni_Rota_2
📁 Checking image directory: poi_media/by_route_id/route_164_Yeni_Rota_2/images
📁 Checking video directory: poi_media/by_route_id/route_164_Yeni_Rota_2/videos
📊 Total media files found in filesystem: 0
🔍 No media found in main directories, checking WebP files...
📂 Checking WebP files in route folder: poi_media/by_route_id/route_164_Yeni_Rota_2
  📁 Preview dir: poi_media/previews/by_route_id/route_164_Yeni_Rota_2/images (exists: True)
  📁 Thumbnail dir: poi_media/thumbnails/by_route_id/route_164_Yeni_Rota_2/images (exists: True)
📊 Final total media files: 0
✅ Medya dosyası WebP'ye dönüştürüldü: poi_media/by_route_id/route_164_Yeni_Rota_2/images/37d18082.webp
✅ Thumbnail oluşturuldu: poi_media/thumbnails/by_route_id/route_164_Yeni_Rota_2/images/thumb_37d18082.webp
INFO:werkzeug:172.19.0.5 - - [12/Sep/2025 13:52:13] "POST /api/admin/routes/164/media HTTP/1.1" 200 -
INFO:werkzeug:172.19.0.5 - - [12/Sep/2025 13:52:13] "PUT /api/admin/routes/164/media/37d18082.webp/location HTTP/1.1" 200 -
INFO:werkzeug:172.19.0.5 - - [12/Sep/2025 13:52:13] "GET /api/admin/routes/164/media HTTP/1.1" 200 -
INFO:werkzeug:172.19.0.5 - - [12/Sep/2025 13:52:13] "GET /poi_media/thumbnails/by_route_id/route_164_Yeni_Rota_2/images/thumb_37d18082.webp HTTP/1.1" 200 -
INFO:werkzeug:172.19.0.5 - - [12/Sep/2025 13:52:13] "GET /api/admin/routes/164/media HTTP/1.1" 200 -
INFO:werkzeug:172.19.0.5 - - [12/Sep/2025 13:52:13] "GET /api/admin/routes/164/media HTTP/1.1" 200 -
INFO:werkzeug:172.19.0.5 - - [12/Sep/2025 13:52:14] "GET /api/admin/routes/164/media HTTP/1.1" 200 -
INFO:werkzeug:172.19.0.5 - - [12/Sep/2025 13:52:14] "GET /poi_media/thumbnails/by_route_id/route_164_Yeni_Rota_2/images/thumb_37d18082.webp HTTP/1.1" 200 -
✅ Preview oluşturuldu: poi_media/previews/by_route_id/route_164_Yeni_Rota_2/images/preview_37d18082.webp
✅ Rota medyası başarıyla eklendi: 37d18082.webp
✅ Media saved to database with ID: 446
🔍 Updating location for route_id=164, filename=37d18082.webp, lat=38.63467822222222, lng=34.93563936111111
✅ Found existing media record, updating location...
✅ Media location updated successfully: route_id=164, filename=37d18082.webp, lat=38.63467822222222, lng=34.93563936111111
🚀 get_route_media called for route_id: 164
🔍 Attempting database lookup...
📡 Using connection string: postgresql://poi_user:poi_password@localhost/poi_d...
✅ Database connection established
📊 Database query returned 1 records
✅ Found media in database, processing...
  📋 Processing database record: RealDictRow({'id': 446, 'route_id': 164, 'file_path': 'poi_media/by_route_id/route_164_Yeni_Rota_2/images/37d18082.webp', 'thumbnail_path': 'poi_media/thumbnails/by_route_id/route_164_Yeni_Rota_2/images/thumb_37d18082.webp', 'preview_path': 'poi_media/thumbnails/by_route_id/route_164_Yeni_Rota_2/images/thumb_37d18082.webp', 'lat': 38.63467822222222, 'lng': 34.93563936111111, 'caption': '', 'is_primary': False, 'media_type': 'panorama', 'uploaded_at': datetime.datetime(2025, 9, 12, 13, 52, 12, 927115)})
    📁 Original file path: poi_media/by_route_id/route_164_Yeni_Rota_2/images/37d18082.webp
    📁 Filename: 37d18082.webp
    📁 File stem: 37d18082
    📁 Route folder name: route_164_Yeni_Rota_2
    🔍 Looking for thumbnail: poi_media/thumbnails/by_route_id/route_164_Yeni_Rota_2/images/thumb_37d18082.webp
    ✅ Thumbnail found: poi_media/thumbnails/by_route_id/route_164_Yeni_Rota_2/images/thumb_37d18082.webp
    🔍 Looking for preview: poi_media/previews/by_route_id/route_164_Yeni_Rota_2/images/preview_37d18082.webp
    ✅ Preview found: poi_media/previews/by_route_id/route_164_Yeni_Rota_2/images/preview_37d18082.webp
    ✅ Using WebP file: poi_media/previews/by_route_id/route_164_Yeni_Rota_2/images/preview_37d18082.webp
    ✅ Adding media with file: poi_media/previews/by_route_id/route_164_Yeni_Rota_2/images/preview_37d18082.webp
✅ Returning 1 media items from database
🔍 Checking for additional files not in database (previews + originals)...
📁 Checking for additional files in route folder: route_164_Yeni_Rota_2
🚀 get_route_media called for route_id: 164
🔍 Attempting database lookup...
📡 Using connection string: postgresql://poi_user:poi_password@localhost/poi_d...
✅ Database connection established
📊 Database query returned 1 records
✅ Found media in database, processing...
  📋 Processing database record: RealDictRow({'id': 446, 'route_id': 164, 'file_path': 'poi_media/by_route_id/route_164_Yeni_Rota_2/images/37d18082.webp', 'thumbnail_path': 'poi_media/thumbnails/by_route_id/route_164_Yeni_Rota_2/images/thumb_37d18082.webp', 'preview_path': 'poi_media/thumbnails/by_route_id/route_164_Yeni_Rota_2/images/thumb_37d18082.webp', 'lat': 38.63467822222222, 'lng': 34.93563936111111, 'caption': '', 'is_primary': False, 'media_type': 'panorama', 'uploaded_at': datetime.datetime(2025, 9, 12, 13, 52, 12, 927115)})
    📁 Original file path: poi_media/by_route_id/route_164_Yeni_Rota_2/images/37d18082.webp
    📁 Filename: 37d18082.webp
    📁 File stem: 37d18082
    📁 Route folder name: route_164_Yeni_Rota_2
    🔍 Looking for thumbnail: poi_media/thumbnails/by_route_id/route_164_Yeni_Rota_2/images/thumb_37d18082.webp
    ✅ Thumbnail found: poi_media/thumbnails/by_route_id/route_164_Yeni_Rota_2/images/thumb_37d18082.webp
    🔍 Looking for preview: poi_media/previews/by_route_id/route_164_Yeni_Rota_2/images/preview_37d18082.webp
    ✅ Preview found: poi_media/previews/by_route_id/route_164_Yeni_Rota_2/images/preview_37d18082.webp
    ✅ Using WebP file: poi_media/previews/by_route_id/route_164_Yeni_Rota_2/images/preview_37d18082.webp
    ✅ Adding media with file: poi_media/previews/by_route_id/route_164_Yeni_Rota_2/images/preview_37d18082.webp
✅ Returning 1 media items from database
🔍 Checking for additional files not in database (previews + originals)...
📁 Checking for additional files in route folder: route_164_Yeni_Rota_2
🚀 get_route_media called for route_id: 164
🔍 Attempting database lookup...
📡 Using connection string: postgresql://poi_user:poi_password@localhost/poi_d...
✅ Database connection established
📊 Database query returned 1 records
✅ Found media in database, processing...
  📋 Processing database record: RealDictRow({'id': 446, 'route_id': 164, 'file_path': 'poi_media/by_route_id/route_164_Yeni_Rota_2/images/37d18082.webp', 'thumbnail_path': 'poi_media/thumbnails/by_route_id/route_164_Yeni_Rota_2/images/thumb_37d18082.webp', 'preview_path': 'poi_media/thumbnails/by_route_id/route_164_Yeni_Rota_2/images/thumb_37d18082.webp', 'lat': 38.63467822222222, 'lng': 34.93563936111111, 'caption': '', 'is_primary': False, 'media_type': 'panorama', 'uploaded_at': datetime.datetime(2025, 9, 12, 13, 52, 12, 927115)})
    📁 Original file path: poi_media/by_route_id/route_164_Yeni_Rota_2/images/37d18082.webp
    📁 Filename: 37d18082.webp
    📁 File stem: 37d18082
    📁 Route folder name: route_164_Yeni_Rota_2
    🔍 Looking for thumbnail: poi_media/thumbnails/by_route_id/route_164_Yeni_Rota_2/images/thumb_37d18082.webp
    ✅ Thumbnail found: poi_media/thumbnails/by_route_id/route_164_Yeni_Rota_2/images/thumb_37d18082.webp
    🔍 Looking for preview: poi_media/previews/by_route_id/route_164_Yeni_Rota_2/images/preview_37d18082.webp
    ✅ Preview found: poi_media/previews/by_route_id/route_164_Yeni_Rota_2/images/preview_37d18082.webp
    ✅ Using WebP file: poi_media/previews/by_route_id/route_164_Yeni_Rota_2/images/preview_37d18082.webp
    ✅ Adding media with file: poi_media/previews/by_route_id/route_164_Yeni_Rota_2/images/preview_37d18082.webp
✅ Returning 1 media items from database
🔍 Checking for additional files not in database (previews + originals)...
📁 Checking for additional files in route folder: route_164_Yeni_Rota_2
🚀 get_route_media called for route_id: 164
🔍 Attempting database lookup...
📡 Using connection string: postgresql://poi_user:poi_password@localhost/poi_d...
✅ Database connection established
📊 Database query returned 1 records
✅ Found media in database, processing...
  📋 Processing database record: RealDictRow({'id': 446, 'route_id': 164, 'file_path': 'poi_media/by_route_id/route_164_Yeni_Rota_2/images/37d18082.webp', 'thumbnail_path': 'poi_media/thumbnails/by_route_id/route_164_Yeni_Rota_2/images/thumb_37d18082.webp', 'preview_path': 'poi_media/thumbnails/by_route_id/route_164_Yeni_Rota_2/images/thumb_37d18082.webp', 'lat': 38.63467822222222, 'lng': 34.93563936111111, 'caption': '', 'is_primary': False, 'media_type': 'panorama', 'uploaded_at': datetime.datetime(2025, 9, 12, 13, 52, 12, 927115)})
    📁 Original file path: poi_media/by_route_id/route_164_Yeni_Rota_2/images/37d18082.webp
    📁 Filename: 37d18082.webp
    📁 File stem: 37d18082
    📁 Route folder name: route_164_Yeni_Rota_2
    🔍 Looking for thumbnail: poi_media/thumbnails/by_route_id/route_164_Yeni_Rota_2/images/thumb_37d18082.webp
    ✅ Thumbnail found: poi_media/thumbnails/by_route_id/route_164_Yeni_Rota_2/images/thumb_37d18082.webp
    🔍 Looking for preview: poi_media/previews/by_route_id/route_164_Yeni_Rota_2/images/preview_37d18082.webp
    ✅ Preview found: poi_media/previews/by_route_id/route_164_Yeni_Rota_2/images/preview_37d18082.webp
    ✅ Using WebP file: poi_media/previews/by_route_id/route_164_Yeni_Rota_2/images/preview_37d18082.webp
    ✅ Adding media with file: poi_media/previews/by_route_id/route_164_Yeni_Rota_2/images/preview_37d18082.webp
✅ Returning 1 media items from database
🔍 Checking for additional files not in database (previews + originals)...
📁 Checking for additional files in route folder: route_164_Yeni_Rota_2
🚀 get_route_media called for route_id: 164
🔍 Attempting database lookup...
📡 Using connection string: postgresql://poi_user:poi_password@localhost/poi_d...
INFO:werkzeug:172.19.0.5 - - [12/Sep/2025 13:52:14] "GET /api/routes/164/media HTTP/1.1" 200 -
INFO:werkzeug:172.19.0.5 - - [12/Sep/2025 13:52:26] "GET /poi_recommendation_system.html HTTP/1.1" 200 -
INFO:werkzeug:172.19.0.5 - - [12/Sep/2025 13:52:26] "GET /static/js/poi-categories.js HTTP/1.1" 200 -
INFO:werkzeug:172.19.0.5 - - [12/Sep/2025 13:52:26] "GET /personal_routes.html HTTP/1.1" 200 -
INFO:werkzeug:172.19.0.5 - - [12/Sep/2025 13:52:26] "GET /static/css/design-tokens.css HTTP/1.1" 200 -
INFO:werkzeug:172.19.0.5 - - [12/Sep/2025 13:52:26] "GET /static/css/layout-system.css HTTP/1.1" 200 -
INFO:werkzeug:172.19.0.5 - - [12/Sep/2025 13:52:26] "GET /static/css/ux-enhancements.css HTTP/1.1" 200 -
INFO:werkzeug:172.19.0.5 - - [12/Sep/2025 13:52:26] "GET /static/css/components.css HTTP/1.1" 200 -
INFO:werkzeug:172.19.0.5 - - [12/Sep/2025 13:52:26] "GET /static/css/personal_routes.css HTTP/1.1" 200 -
INFO:werkzeug:172.19.0.5 - - [12/Sep/2025 13:52:26] "GET /static/css/poi-hover-stability-fix.css HTTP/1.1" 200 -
INFO:werkzeug:172.19.0.5 - - [12/Sep/2025 13:52:26] "GET /static/css/route-details-modal.css HTTP/1.1" 200 -
INFO:werkzeug:172.19.0.5 - - [12/Sep/2025 13:52:26] "GET /static/css/performance-optimizations.css HTTP/1.1" 200 -
INFO:werkzeug:172.19.0.5 - - [12/Sep/2025 13:52:26] "GET /static/css/poi_recommendation_system.css HTTP/1.1" 200 -
INFO:werkzeug:172.19.0.5 - - [12/Sep/2025 13:52:26] "GET /static/css/modal-jitter-fix-animations.css HTTP/1.1" 200 -
INFO:werkzeug:172.19.0.5 - - [12/Sep/2025 13:52:27] "GET /static/js/poi-categories.js HTTP/1.1" 200 -
INFO:werkzeug:172.19.0.5 - - [12/Sep/2025 13:52:27] "GET /static/js/touch-optimizations.js HTTP/1.1" 200 -
INFO:werkzeug:172.19.0.5 - - [12/Sep/2025 13:52:27] "GET /static/js/loading-performance.js HTTP/1.1" 200 -
INFO:werkzeug:172.19.0.5 - - [12/Sep/2025 13:52:27] "GET /static/js/ux-enhancement-manager.js HTTP/1.1" 200 -
INFO:werkzeug:172.19.0.5 - - [12/Sep/2025 13:52:27] "GET /static/js/performance-optimizations.js HTTP/1.1" 200 -
INFO:werkzeug:172.19.0.5 - - [12/Sep/2025 13:52:27] "GET /static/js/event-delegation-manager.js HTTP/1.1" 200 -
INFO:werkzeug:172.19.0.5 - - [12/Sep/2025 13:52:27] "GET /static/js/mobile-optimizations.js HTTP/1.1" 200 -
INFO:werkzeug:172.19.0.5 - - [12/Sep/2025 13:52:27] "GET /static/js/hover-event-manager.js HTTP/1.1" 200 -
INFO:werkzeug:172.19.0.5 - - [12/Sep/2025 13:52:27] "GET /static/js/poi-hover-integration.js HTTP/1.1" 200 -
INFO:werkzeug:172.19.0.5 - - [12/Sep/2025 13:52:27] "GET /static/js/modal-state-manager.js HTTP/1.1" 200 -
INFO:werkzeug:172.19.0.5 - - [12/Sep/2025 13:52:27] "GET /static/js/rate-limiter.js HTTP/1.1" 200 -
INFO:werkzeug:172.19.0.5 - - [12/Sep/2025 13:52:27] "GET /static/js/elevation-chart.js HTTP/1.1" 200 -
INFO:werkzeug:172.19.0.5 - - [12/Sep/2025 13:52:27] "GET /static/js/map-layer-control.js HTTP/1.1" 200 -
INFO:werkzeug:172.19.0.5 - - [12/Sep/2025 13:52:28] "GET /static/js/route-details-modal.js HTTP/1.1" 200 -
INFO:werkzeug:172.19.0.5 - - [12/Sep/2025 13:52:28] "GET /static/js/modal-jitter-fix.js HTTP/1.1" 200 -
INFO:werkzeug:172.19.0.5 - - [12/Sep/2025 13:52:28] "GET /static/js/poi_recommendation_system.js HTTP/1.1" 200 -
INFO:werkzeug:172.19.0.5 - - [12/Sep/2025 13:52:28] "GET /static/js/modal-jitter-fix.js HTTP/1.1" 200 -
INFO:werkzeug:172.19.0.5 - - [12/Sep/2025 13:52:28] "GET /static/js/personal_routes.js HTTP/1.1" 200 -
INFO:poi_database_adapter:PostgreSQL veritabanına bağlandı
INFO:poi_database_adapter:PostgreSQL bağlantısı kapatıldı
INFO:werkzeug:172.19.0.5 - - [12/Sep/2025 13:52:29] "GET /api/categories HTTP/1.1" 200 -
INFO:werkzeug:172.19.0.5 - - [12/Sep/2025 13:52:29] "GET /api/panoramas HTTP/1.1" 200 -
INFO:werkzeug:172.19.0.5 - - [12/Sep/2025 13:52:29] "GET /api/route-panoramas HTTP/1.1" 200 -
INFO:werkzeug:172.19.0.5 - - [12/Sep/2025 13:52:35] "GET /predefined_routes.html HTTP/1.1" 200 -
INFO:werkzeug:172.19.0.5 - - [12/Sep/2025 13:52:35] "GET /static/css/layout-system.css HTTP/1.1" 200 -
INFO:werkzeug:172.19.0.5 - - [12/Sep/2025 13:52:35] "GET /static/css/design-tokens.css HTTP/1.1" 200 -
INFO:werkzeug:172.19.0.5 - - [12/Sep/2025 13:52:35] "GET /static/css/ux-enhancements.css HTTP/1.1" 200 -
INFO:werkzeug:172.19.0.5 - - [12/Sep/2025 13:52:35] "GET /static/css/components.css HTTP/1.1" 200 -
INFO:werkzeug:172.19.0.5 - - [12/Sep/2025 13:52:35] "GET /static/css/predefined_routes.css HTTP/1.1" 200 -
INFO:werkzeug:172.19.0.5 - - [12/Sep/2025 13:52:35] "GET /static/css/poi-hover-stability-fix.css HTTP/1.1" 200 -
INFO:werkzeug:172.19.0.5 - - [12/Sep/2025 13:52:35] "GET /static/css/performance-optimizations.css HTTP/1.1" 200 -
INFO:werkzeug:172.19.0.5 - - [12/Sep/2025 13:52:35] "GET /static/css/modal-jitter-fix-animations.css HTTP/1.1" 200 -
INFO:werkzeug:172.19.0.5 - - [12/Sep/2025 13:52:35] "GET /static/css/poi_recommendation_system.css HTTP/1.1" 200 -
INFO:werkzeug:172.19.0.5 - - [12/Sep/2025 13:52:35] "GET /static/css/route-details-modal.css HTTP/1.1" 200 -
INFO:werkzeug:172.19.0.5 - - [12/Sep/2025 13:52:35] "GET /static/js/poi-categories.js HTTP/1.1" 200 -
INFO:werkzeug:172.19.0.5 - - [12/Sep/2025 13:52:36] "GET /static/js/touch-optimizations.js HTTP/1.1" 200 -
INFO:werkzeug:172.19.0.5 - - [12/Sep/2025 13:52:36] "GET /static/js/ux-enhancement-manager.js HTTP/1.1" 200 -
INFO:werkzeug:172.19.0.5 - - [12/Sep/2025 13:52:36] "GET /static/js/loading-performance.js HTTP/1.1" 200 -
INFO:werkzeug:172.19.0.5 - - [12/Sep/2025 13:52:36] "GET /static/js/hover-event-manager.js HTTP/1.1" 200 -
INFO:werkzeug:172.19.0.5 - - [12/Sep/2025 13:52:36] "GET /static/js/mobile-optimizations.js HTTP/1.1" 200 -
INFO:werkzeug:172.19.0.5 - - [12/Sep/2025 13:52:36] "GET /static/js/performance-optimizations.js HTTP/1.1" 200 -
INFO:werkzeug:172.19.0.5 - - [12/Sep/2025 13:52:36] "GET /static/js/poi-hover-integration.js HTTP/1.1" 200 -
INFO:werkzeug:172.19.0.5 - - [12/Sep/2025 13:52:36] "GET /static/js/event-delegation-manager.js HTTP/1.1" 200 -
INFO:werkzeug:172.19.0.5 - - [12/Sep/2025 13:52:36] "GET /static/js/modal-state-manager.js HTTP/1.1" 200 -
INFO:werkzeug:172.19.0.5 - - [12/Sep/2025 13:52:36] "GET /static/js/rate-limiter.js HTTP/1.1" 200 -
INFO:werkzeug:172.19.0.5 - - [12/Sep/2025 13:52:36] "GET /static/js/elevation-chart.js HTTP/1.1" 200 -
INFO:werkzeug:172.19.0.5 - - [12/Sep/2025 13:52:36] "GET /static/js/map-layer-control.js HTTP/1.1" 200 -
INFO:werkzeug:172.19.0.5 - - [12/Sep/2025 13:52:36] "GET /static/js/route-details-modal.js HTTP/1.1" 200 -
INFO:werkzeug:172.19.0.5 - - [12/Sep/2025 13:52:37] "GET /static/js/poi_recommendation_system.js HTTP/1.1" 200 -
INFO:werkzeug:172.19.0.5 - - [12/Sep/2025 13:52:37] "GET /static/js/modal-jitter-fix.js HTTP/1.1" 200 -
INFO:werkzeug:172.19.0.5 - - [12/Sep/2025 13:52:37] "GET /static/js/predefined_routes.js HTTP/1.1" 200 -
INFO:route_service:Route service database connection established
INFO:werkzeug:172.19.0.5 - - [12/Sep/2025 13:52:37] "GET /api/routes HTTP/1.1" 200 -
INFO:poi_database_adapter:PostgreSQL veritabanına bağlandı
INFO:poi_database_adapter:PostgreSQL bağlantısı kapatıldı
INFO:werkzeug:172.19.0.5 - - [12/Sep/2025 13:52:37] "GET /api/categories HTTP/1.1" 200 -
INFO:werkzeug:172.19.0.5 - - [12/Sep/2025 13:52:38] "GET /api/admin/routes/164/media HTTP/1.1" 200 -
✅ Database connection established
📊 Database query returned 1 records
✅ Found media in database, processing...
  📋 Processing database record: RealDictRow({'id': 446, 'route_id': 164, 'file_path': 'poi_media/by_route_id/route_164_Yeni_Rota_2/images/37d18082.webp', 'thumbnail_path': 'poi_media/thumbnails/by_route_id/route_164_Yeni_Rota_2/images/thumb_37d18082.webp', 'preview_path': 'poi_media/thumbnails/by_route_id/route_164_Yeni_Rota_2/images/thumb_37d18082.webp', 'lat': 38.63467822222222, 'lng': 34.93563936111111, 'caption': '', 'is_primary': False, 'media_type': 'panorama', 'uploaded_at': datetime.datetime(2025, 9, 12, 13, 52, 12, 927115)})
    📁 Original file path: poi_media/by_route_id/route_164_Yeni_Rota_2/images/37d18082.webp
    📁 Filename: 37d18082.webp
    📁 File stem: 37d18082
    📁 Route folder name: route_164_Yeni_Rota_2
    🔍 Looking for thumbnail: poi_media/thumbnails/by_route_id/route_164_Yeni_Rota_2/images/thumb_37d18082.webp
    ✅ Thumbnail found: poi_media/thumbnails/by_route_id/route_164_Yeni_Rota_2/images/thumb_37d18082.webp
    🔍 Looking for preview: poi_media/previews/by_route_id/route_164_Yeni_Rota_2/images/preview_37d18082.webp
    ✅ Preview found: poi_media/previews/by_route_id/route_164_Yeni_Rota_2/images/preview_37d18082.webp
    ✅ Using WebP file: poi_media/previews/by_route_id/route_164_Yeni_Rota_2/images/preview_37d18082.webp
    ✅ Adding media with file: poi_media/previews/by_route_id/route_164_Yeni_Rota_2/images/preview_37d18082.webp
✅ Returning 1 media items from database
🔍 Checking for additional files not in database (previews + originals)...
📁 Checking for additional files in route folder: route_164_Yeni_Rota_2
🚀 get_route_media called for route_id: 164
🔍 Attempting database lookup...
📡 Using connection string: postgresql://poi_user:poi_password@localhost/poi_d...
🚀 get_route_media called for route_id: 155
🔍 Attempting database lookup...
📡 Using connection string: postgresql://poi_user:poi_password@localhost/poi_d...
🚀 get_route_media called for route_id: 158
🔍 Attempting database lookup...
📡 Using connection string: postgresql://poi_user:poi_password@localhost/poi_d...
🚀 get_route_media called for route_id: 152
🔍 Attempting database lookup...
📡 Using connection string: postgresql://poi_user:poi_password@localhost/poi_d...
🚀 get_route_media called for route_id: 154
🔍 Attempting database lookup...
📡 Using connection string: postgresql://poi_user:poi_password@localhost/poi_d...
🚀 get_route_media called for route_id: 153
🔍 Attempting database lookup...
📡 Using connection string: postgresql://poi_user:poi_password@localhost/poi_d...
🚀 get_route_media called for route_id: 146
🔍 Attempting database lookup...
📡 Using connection string: postgresql://poi_user:poi_password@localhost/poi_d...
🚀 get_route_media called for route_id: 145
🔍 Attempting database lookup...
📡 Using connection string: postgresql://poi_user:poi_password@localhost/poi_d...
🚀 get_route_media called for route_id: 147
🔍 Attempting database lookup...
📡 Using connection string: postgresql://poi_user:poi_password@localhost/poi_d...
✅ Database connection established
📊 Database query returned 1 records
✅ Found media in database, processing...
  📋 Processing database record: RealDictRow({'id': 446, 'route_id': 164, 'file_path': 'poi_media/by_route_id/route_164_Yeni_Rota_2/images/37d18082.webp', 'thumbnail_path': 'poi_media/thumbnails/by_route_id/route_164_Yeni_Rota_2/images/thumb_37d18082.webp', 'preview_path': 'poi_media/thumbnails/by_route_id/route_164_Yeni_Rota_2/images/thumb_37d18082.webp', 'lat': 38.63467822222222, 'lng': 34.93563936111111, 'caption': '', 'is_primary': False, 'media_type': 'panorama', 'uploaded_at': datetime.datetime(2025, 9, 12, 13, 52, 12, 927115)})
    📁 Original file path: poi_media/by_route_id/route_164_Yeni_Rota_2/images/37d18082.webp
    📁 Filename: 37d18082.webp
    📁 File stem: 37d18082
    📁 Route folder name: route_164_Yeni_Rota_2
    🔍 Looking for thumbnail: poi_media/thumbnails/by_route_id/route_164_Yeni_Rota_2/images/thumb_37d18082.webp
    ✅ Thumbnail found: poi_media/thumbnails/by_route_id/route_164_Yeni_Rota_2/images/thumb_37d18082.webp
    🔍 Looking for preview: poi_media/previews/by_route_id/route_164_Yeni_Rota_2/images/preview_37d18082.webp
    ✅ Preview found: poi_media/previews/by_route_id/route_164_Yeni_Rota_2/images/preview_37d18082.webp
    ✅ Using WebP file: poi_media/previews/by_route_id/route_164_Yeni_Rota_2/images/preview_37d18082.webp
    ✅ Adding media with file: poi_media/previews/by_route_id/route_164_Yeni_Rota_2/images/preview_37d18082.webp
✅ Returning 1 media items from database
🔍 Checking for additional files not in database (previews + originals)...
📁 Checking for additional files in route folder: route_164_Yeni_Rota_2
✅ Database connection established
✅ Database connection established
📊 Database query returned 2 records
✅ Found media in database, processing...
  📋 Processing database record: RealDictRow({'id': 214, 'route_id': 155, 'file_path': 'poi_media/by_route_id/route_155_18_Ağu_2025_17:14:55/images/801ffc2d.webp', 'thumbnail_path': None, 'preview_path': None, 'lat': 38.53838089972222, 'lng': 34.90178089972222, 'caption': '', 'is_primary': False, 'media_type': 'image', 'uploaded_at': datetime.datetime(2025, 8, 21, 23, 14, 11, 404122)})
    📁 Original file path: poi_media/by_route_id/route_155_18_Ağu_2025_17:14:55/images/801ffc2d.webp
    📁 Filename: 801ffc2d.webp
    📁 File stem: 801ffc2d
    📁 Route folder name: route_155_18_Ağu_2025_17:14:55
    🔍 Looking for thumbnail: poi_media/thumbnails/by_route_id/route_155_18_Ağu_2025_17:14:55/images/thumb_801ffc2d.webp
    ✅ Thumbnail found: poi_media/thumbnails/by_route_id/route_155_18_Ağu_2025_17:14:55/images/thumb_801ffc2d.webp
    🔍 Looking for preview: poi_media/previews/by_route_id/route_155_18_Ağu_2025_17:14:55/images/preview_801ffc2d.webp
    ✅ Preview found: poi_media/previews/by_route_id/route_155_18_Ağu_2025_17:14:55/images/preview_801ffc2d.webp
    ✅ Using WebP file: poi_media/previews/by_route_id/route_155_18_Ağu_2025_17:14:55/images/preview_801ffc2d.webp
    ✅ Adding media with file: poi_media/previews/by_route_id/route_155_18_Ağu_2025_17:14:55/images/preview_801ffc2d.webp
✅ Database connection established
✅ Database connection established
✅ Database connection established
  📋 Processing database record: RealDictRow({'id': 97, 'route_id': 155, 'file_path': 'poi_media/by_route_id/route_155_18_Ağu_2025_17:14:55/images/d06557de.webp', 'thumbnail_path': None, 'preview_path': None, 'lat': 38.538559299999996, 'lng': 34.902027599722224, 'caption': '', 'is_primary': False, 'media_type': 'image', 'uploaded_at': datetime.datetime(2025, 8, 21, 20, 33, 46, 328957)})
    📁 Original file path: poi_media/by_route_id/route_155_18_Ağu_2025_17:14:55/images/d06557de.webp
    📁 Filename: d06557de.webp
    📁 File stem: d06557de
    📁 Route folder name: route_155_18_Ağu_2025_17:14:55
    🔍 Looking for thumbnail: poi_media/thumbnails/by_route_id/route_155_18_Ağu_2025_17:14:55/images/thumb_d06557de.webp
✅ Database connection established
📊 Database query returned 0 records
⚠️ No media found in database, falling back to filesystem...
    ✅ Thumbnail found: poi_media/thumbnails/by_route_id/route_155_18_Ağu_2025_17:14:55/images/thumb_d06557de.webp
    🔍 Looking for preview: poi_media/previews/by_route_id/route_155_18_Ağu_2025_17:14:55/images/preview_d06557de.webp
    ✅ Preview found: poi_media/previews/by_route_id/route_155_18_Ağu_2025_17:14:55/images/preview_d06557de.webp
    ✅ Using WebP file: poi_media/previews/by_route_id/route_155_18_Ağu_2025_17:14:55/images/preview_d06557de.webp
    ✅ Adding media with file: poi_media/previews/by_route_id/route_155_18_Ağu_2025_17:14:55/images/preview_d06557de.webp
✅ Returning 2 media items from database
🔍 Checking for additional files not in database (previews + originals)...
📁 Checking for additional files in route folder: route_155_18_Ağu_2025_17:14:55
🔍 Database returned no results, falling back to filesystem...
✅ Base route directory found: poi_media/by_route_id
✅ Database connection established
📊 Database query returned 4 records
✅ Found media in database, processing...
  📋 Processing database record: RealDictRow({'id': 55, 'route_id': 154, 'file_path': 'poi_media/by_route_id/route_154_Apr_26,_2023_17:05:11/images/390b0942.webp', 'thumbnail_path': None, 'preview_path': None, 'lat': 38.63462849381322, 'lng': 34.867284401200834, 'caption': '', 'is_primary': False, 'media_type': 'image', 'uploaded_at': datetime.datetime(2025, 8, 20, 2, 5, 12, 32622)})
    📁 Original file path: poi_media/by_route_id/route_154_Apr_26,_2023_17:05:11/images/390b0942.webp
    📁 Filename: 390b0942.webp
    📁 File stem: 390b0942
    📁 Route folder name: route_154_Apr_26,_2023_17:05:11
    🔍 Looking for thumbnail: poi_media/thumbnails/by_route_id/route_154_Apr_26,_2023_17:05:11/images/thumb_390b0942.webp
    ✅ Thumbnail found: poi_media/thumbnails/by_route_id/route_154_Apr_26,_2023_17:05:11/images/thumb_390b0942.webp
    🔍 Looking for preview: poi_media/previews/by_route_id/route_154_Apr_26,_2023_17:05:11/images/preview_390b0942.webp
    ✅ Preview found: poi_media/previews/by_route_id/route_154_Apr_26,_2023_17:05:11/images/preview_390b0942.webp
    ✅ Using WebP file: poi_media/previews/by_route_id/route_154_Apr_26,_2023_17:05:11/images/preview_390b0942.webp
    ✅ Adding media with file: poi_media/previews/by_route_id/route_154_Apr_26,_2023_17:05:11/images/preview_390b0942.webp
📊 Database query returned 36 records
✅ Found media in database, processing...
  📋 Processing database record: RealDictRow({'id': 374, 'route_id': 158, 'file_path': 'poi_media/by_route_id/route_158__golgoli_tepesi/images/d6d42451.webp', 'thumbnail_path': None, 'preview_path': None, 'lat': 38.54530069972222, 'lng': 34.87720649972222, 'caption': '', 'is_primary': False, 'media_type': 'image', 'uploaded_at': datetime.datetime(2025, 8, 28, 0, 27, 18, 357302)})
    📁 Original file path: poi_media/by_route_id/route_158__golgoli_tepesi/images/d6d42451.webp
    📁 Filename: d6d42451.webp
    📁 File stem: d6d42451
    📁 Route folder name: route_158__golgoli_tepesi
    🔍 Looking for thumbnail: poi_media/thumbnails/by_route_id/route_158__golgoli_tepesi/images/thumb_d6d42451.webp
📊 Database query returned 0 records
⚠️ No media found in database, falling back to filesystem...
📊 Database query returned 4 records
✅ Found media in database, processing...
  📋 Processing database record: RealDictRow({'id': 378, 'route_id': 153, 'file_path': 'poi_media/by_panorama/images/a92b1d4f.webp', 'thumbnail_path': 'poi_media/previews/by_panorama/images/thumb_a92b1d4f.webp', 'preview_path': 'poi_media/previews/by_panorama/images/thumb_a92b1d4f.webp', 'lat': 38.55853044444444, 'lng': 34.98415477777778, 'caption': '', 'is_primary': False, 'media_type': 'image', 'uploaded_at': datetime.datetime(2025, 9, 11, 15, 54, 4, 141411)})
    📁 Original file path: poi_media/by_panorama/images/a92b1d4f.webp
    📁 Filename: a92b1d4f.webp
    📁 File stem: a92b1d4f
    🔍 No route folder name, checking original file: poi_media/by_panorama/images/a92b1d4f.webp
🔍 Database returned no results, falling back to filesystem...
✅ Base route directory found: poi_media/by_route_id
    ✅ Thumbnail found: poi_media/thumbnails/by_route_id/route_158__golgoli_tepesi/images/thumb_d6d42451.webp
    🔍 Looking for preview: poi_media/previews/by_route_id/route_158__golgoli_tepesi/images/preview_d6d42451.webp
    ✅ Preview found: poi_media/previews/by_route_id/route_158__golgoli_tepesi/images/preview_d6d42451.webp
    ✅ Using WebP file: poi_media/previews/by_route_id/route_158__golgoli_tepesi/images/preview_d6d42451.webp
    ✅ Adding media with file: poi_media/previews/by_route_id/route_158__golgoli_tepesi/images/preview_d6d42451.webp
    ✅ Original file exists: poi_media/by_panorama/images/a92b1d4f.webp
    ✅ Adding media with file: poi_media/by_panorama/images/a92b1d4f.webp
📊 Total media files found in filesystem: 0
🔍 No media found in main directories, checking WebP files...
📊 Final total media files: 0
📊 Database query returned 0 records
⚠️ No media found in database, falling back to filesystem...
📊 Total media files found in filesystem: 0
🔍 No media found in main directories, checking WebP files...
  📋 Processing database record: RealDictRow({'id': 372, 'route_id': 158, 'file_path': 'poi_media/by_route_id/route_158__golgoli_tepesi/images/331dd1f1.webp', 'thumbnail_path': None, 'preview_path': None, 'lat': 38.54248179972222, 'lng': 34.88346359972222, 'caption': '', 'is_primary': False, 'media_type': 'image', 'uploaded_at': datetime.datetime(2025, 8, 28, 0, 27, 17, 539919)})
    📁 Original file path: poi_media/by_route_id/route_158__golgoli_tepesi/images/331dd1f1.webp
    📁 Filename: 331dd1f1.webp
    📁 File stem: 331dd1f1
    📁 Route folder name: route_158__golgoli_tepesi
    🔍 Looking for thumbnail: poi_media/thumbnails/by_route_id/route_158__golgoli_tepesi/images/thumb_331dd1f1.webp
    ✅ Thumbnail found: poi_media/thumbnails/by_route_id/route_158__golgoli_tepesi/images/thumb_331dd1f1.webp
    🔍 Looking for preview: poi_media/previews/by_route_id/route_158__golgoli_tepesi/images/preview_331dd1f1.webp
    ✅ Preview found: poi_media/previews/by_route_id/route_158__golgoli_tepesi/images/preview_331dd1f1.webp
    ✅ Using WebP file: poi_media/previews/by_route_id/route_158__golgoli_tepesi/images/preview_331dd1f1.webp
    ✅ Adding media with file: poi_media/previews/by_route_id/route_158__golgoli_tepesi/images/preview_331dd1f1.webp
  📋 Processing database record: RealDictRow({'id': 49, 'route_id': 153, 'file_path': 'poi_media/previews/by_route_id/route_153_Wikiloc_-_Karlık_-_Avla_Dağ_-_Upper_Kurtdere/images/preview_1503919453408-9ee4386d-5cd0-474f-b43a-6dcc5c8cecc4_.webp', 'thumbnail_path': None, 'preview_path': None, 'lat': 38.556714038726916, 'lng': 34.98297996295151, 'caption': 'Test caption update', 'is_primary': False, 'media_type': 'image', 'uploaded_at': datetime.datetime(2025, 8, 20, 1, 55, 22, 544282)})
    📁 Original file path: poi_media/previews/by_route_id/route_153_Wikiloc_-_Karlık_-_Avla_Dağ_-_Upper_Kurtdere/images/preview_1503919453408-9ee4386d-5cd0-474f-b43a-6dcc5c8cecc4_.webp
    📁 Filename: preview_1503919453408-9ee4386d-5cd0-474f-b43a-6dcc5c8cecc4_.webp
    📁 File stem: preview_1503919453408-9ee4386d-5cd0-474f-b43a-6dcc5c8cecc4_
    📁 Route folder name: route_153_Wikiloc_-_Karlık_-_Avla_Dağ_-_Upper_Kurtdere
    🔍 Looking for thumbnail: poi_media/thumbnails/by_route_id/route_153_Wikiloc_-_Karlık_-_Avla_Dağ_-_Upper_Kurtdere/images/thumb_preview_1503919453408-9ee4386d-5cd0-474f-b43a-6dcc5c8cecc4_.webp
    ❌ Thumbnail not found: poi_media/thumbnails/by_route_id/route_153_Wikiloc_-_Karlık_-_Avla_Dağ_-_Upper_Kurtdere/images/thumb_preview_1503919453408-9ee4386d-5cd0-474f-b43a-6dcc5c8cecc4_.webp
    🔍 Looking for preview: poi_media/previews/by_route_id/route_153_Wikiloc_-_Karlık_-_Avla_Dağ_-_Upper_Kurtdere/images/preview_preview_1503919453408-9ee4386d-5cd0-474f-b43a-6dcc5c8cecc4_.webp
    ❌ Preview not found: poi_media/previews/by_route_id/route_153_Wikiloc_-_Karlık_-_Avla_Dağ_-_Upper_Kurtdere/images/preview_preview_1503919453408-9ee4386d-5cd0-474f-b43a-6dcc5c8cecc4_.webp
    🔍 Checking original file path: poi_media/previews/by_route_id/route_153_Wikiloc_-_Karlık_-_Avla_Dağ_-_Upper_Kurtdere/images/preview_1503919453408-9ee4386d-5cd0-474f-b43a-6dcc5c8cecc4_.webp
    ✅ Original file exists: poi_media/previews/by_route_id/route_153_Wikiloc_-_Karlık_-_Avla_Dağ_-_Upper_Kurtdere/images/preview_1503919453408-9ee4386d-5cd0-474f-b43a-6dcc5c8cecc4_.webp
    ✅ Adding media with file: poi_media/previews/by_route_id/route_153_Wikiloc_-_Karlık_-_Avla_Dağ_-_Upper_Kurtdere/images/preview_1503919453408-9ee4386d-5cd0-474f-b43a-6dcc5c8cecc4_.webp
✅ Database connection established
📊 Final total media files: 0
INFO:werkzeug:172.19.0.5 - - [12/Sep/2025 13:52:38] "GET /api/admin/routes/155/media HTTP/1.1" 200 -
🔍 Database returned no results, falling back to filesystem...
✅ Base route directory found: poi_media/by_route_id
📊 Database query returned 0 records
⚠️ No media found in database, falling back to filesystem...
  📋 Processing database record: RealDictRow({'id': 370, 'route_id': 158, 'file_path': 'poi_media/by_route_id/route_158__golgoli_tepesi/images/b5c6d6a9.webp', 'thumbnail_path': None, 'preview_path': None, 'lat': 38.54248179972222, 'lng': 34.88346359972222, 'caption': '', 'is_primary': False, 'media_type': 'image', 'uploaded_at': datetime.datetime(2025, 8, 28, 0, 27, 16, 733391)})
    📁 Original file path: poi_media/by_route_id/route_158__golgoli_tepesi/images/b5c6d6a9.webp
    📁 Filename: b5c6d6a9.webp
    📁 File stem: b5c6d6a9
    📁 Route folder name: route_158__golgoli_tepesi
    🔍 Looking for thumbnail: poi_media/thumbnails/by_route_id/route_158__golgoli_tepesi/images/thumb_b5c6d6a9.webp
    ✅ Thumbnail found: poi_media/thumbnails/by_route_id/route_158__golgoli_tepesi/images/thumb_b5c6d6a9.webp
    🔍 Looking for preview: poi_media/previews/by_route_id/route_158__golgoli_tepesi/images/preview_b5c6d6a9.webp
    ✅ Preview found: poi_media/previews/by_route_id/route_158__golgoli_tepesi/images/preview_b5c6d6a9.webp
    ✅ Using WebP file: poi_media/previews/by_route_id/route_158__golgoli_tepesi/images/preview_b5c6d6a9.webp
    ✅ Adding media with file: poi_media/previews/by_route_id/route_158__golgoli_tepesi/images/preview_b5c6d6a9.webp
🔍 Database returned no results, falling back to filesystem...
    ❌ Thumbnail not found: poi_media/thumbnails/by_route_id/route_153_Wikiloc_-_Karlık_-_Avla_Dağ_-_Upper_Kurtdere/images/thumb_ChatGPT_Image_16_Haz_2025_21_36_16.webp
    🔍 Looking for preview: poi_media/previews/by_route_id/route_153_Wikiloc_-_Karlık_-_Avla_Dağ_-_Upper_Kurtdere/images/preview_ChatGPT_Image_16_Haz_2025_21_36_16.webp
    ❌ Preview not found: poi_media/previews/by_route_id/route_153_Wikiloc_-_Karlık_-_Avla_Dağ_-_Upper_Kurtdere/images/preview_ChatGPT_Image_16_Haz_2025_21_36_16.webp
    🔍 Checking original file path: poi_media/by_route_id/route_153_Wikiloc_-_Karlık_-_Avla_Dağ_-_Upper_Kurtdere/images/ChatGPT_Image_16_Haz_2025_21_36_16.png
    ❌ Original file not found: poi_media/by_route_id/route_153_Wikiloc_-_Karlık_-_Avla_Dağ_-_Upper_Kurtdere/images/ChatGPT_Image_16_Haz_2025_21_36_16.png
    ❌ No valid file found for this record
  📋 Processing database record: RealDictRow({'id': 4, 'route_id': 153, 'file_path': 'poi_media/by_route_id/route_153_Wikiloc_-_Karlık_-_Avla_Dağ_-_Upper_Kurtdere/images/CDNz99-WEAAcja3.jpg', 'thumbnail_path': 'poi_media/thumbnails/by_route_id/route_153_Wikiloc_-_Karlık_-_Avla_Dağ_-_Upper_Kurtdere/images/thumb_CDNz99-WEAAcja3.webp', 'preview_path': 'poi_media/previews/by_route_id/route_153_Wikiloc_-_Karlık_-_Avla_Dağ_-_Upper_Kurtdere/images/preview_CDNz99-WEAAcja3.webp', 'lat': 38.55930820730724, 'lng': 34.98323229680564, 'caption': '', 'is_primary': False, 'media_type': 'image', 'uploaded_at': datetime.datetime(2025, 8, 19, 1, 34, 29, 640356)})
    📁 Original file path: poi_media/by_route_id/route_153_Wikiloc_-_Karlık_-_Avla_Dağ_-_Upper_Kurtdere/images/CDNz99-WEAAcja3.jpg
    📁 Filename: CDNz99-WEAAcja3.jpg
    📁 File stem: CDNz99-WEAAcja3
    📁 Route folder name: route_153_Wikiloc_-_Karlık_-_Avla_Dağ_-_Upper_Kurtdere
    🔍 Looking for thumbnail: poi_media/thumbnails/by_route_id/route_153_Wikiloc_-_Karlık_-_Avla_Dağ_-_Upper_Kurtdere/images/thumb_CDNz99-WEAAcja3.webp
    ❌ Thumbnail not found: poi_media/thumbnails/by_route_id/route_153_Wikiloc_-_Karlık_-_Avla_Dağ_-_Upper_Kurtdere/images/thumb_CDNz99-WEAAcja3.webp
    🔍 Looking for preview: poi_media/previews/by_route_id/route_153_Wikiloc_-_Karlık_-_Avla_Dağ_-_Upper_Kurtdere/images/preview_CDNz99-WEAAcja3.webp
    ❌ Preview not found: poi_media/previews/by_route_id/route_153_Wikiloc_-_Karlık_-_Avla_Dağ_-_Upper_Kurtdere/images/preview_CDNz99-WEAAcja3.webp
    🔍 Checking original file path: poi_media/by_route_id/route_153_Wikiloc_-_Karlık_-_Avla_Dağ_-_Upper_Kurtdere/images/CDNz99-WEAAcja3.jpg
    ❌ Original file not found: poi_media/by_route_id/route_153_Wikiloc_-_Karlık_-_Avla_Dağ_-_Upper_Kurtdere/images/CDNz99-WEAAcja3.jpg
    ❌ No valid file found for this record
✅ Returning 2 media items from database
🔍 Checking for additional files not in database (previews + originals)...
  📋 Processing database record: RealDictRow({'id': 53, 'route_id': 154, 'file_path': 'poi_media/by_route_id/route_154_Apr_26,_2023_17:05:11/images/292dbd74.webp', 'thumbnail_path': None, 'preview_path': None, 'lat': 38.63222266125355, 'lng': 34.9244525811475, 'caption': '', 'is_primary': False, 'media_type': 'image', 'uploaded_at': datetime.datetime(2025, 8, 20, 2, 3, 27, 565497)})
    📁 Original file path: poi_media/by_route_id/route_154_Apr_26,_2023_17:05:11/images/292dbd74.webp
    📁 Filename: 292dbd74.webp
    📁 File stem: 292dbd74
    📁 Route folder name: route_154_Apr_26,_2023_17:05:11
    🔍 Looking for thumbnail: poi_media/thumbnails/by_route_id/route_154_Apr_26,_2023_17:05:11/images/thumb_292dbd74.webp
✅ Base route directory found: poi_media/by_route_id
    ✅ Thumbnail found: poi_media/thumbnails/by_route_id/route_154_Apr_26,_2023_17:05:11/images/thumb_292dbd74.webp
    🔍 Looking for preview: poi_media/previews/by_route_id/route_154_Apr_26,_2023_17:05:11/images/preview_292dbd74.webp
    ✅ Preview found: poi_media/previews/by_route_id/route_154_Apr_26,_2023_17:05:11/images/preview_292dbd74.webp
    ✅ Using WebP file: poi_media/previews/by_route_id/route_154_Apr_26,_2023_17:05:11/images/preview_292dbd74.webp
    ✅ Adding media with file: poi_media/previews/by_route_id/route_154_Apr_26,_2023_17:05:11/images/preview_292dbd74.webp
📊 Total media files found in filesystem: 0
🔍 No media found in main directories, checking WebP files...
📊 Total media files found in filesystem: 0
🔍 No media found in main directories, checking WebP files...
  📋 Processing database record: RealDictRow({'id': 368, 'route_id': 158, 'file_path': 'poi_media/by_route_id/route_158__golgoli_tepesi/images/a8a01de6.webp', 'thumbnail_path': None, 'preview_path': None, 'lat': 38.53862131111111, 'lng': 34.895016525, 'caption': '', 'is_primary': False, 'media_type': 'image', 'uploaded_at': datetime.datetime(2025, 8, 28, 0, 27, 15, 981135)})
    📁 Original file path: poi_media/by_route_id/route_158__golgoli_tepesi/images/a8a01de6.webp
    📁 Filename: a8a01de6.webp
    📁 File stem: a8a01de6
    📁 Route folder name: route_158__golgoli_tepesi
    🔍 Looking for thumbnail: poi_media/thumbnails/by_route_id/route_158__golgoli_tepesi/images/thumb_a8a01de6.webp
    ✅ Thumbnail found: poi_media/thumbnails/by_route_id/route_158__golgoli_tepesi/images/thumb_a8a01de6.webp
�%��d�9b���po2�+3F�i��
����D��O�S��l� �<�n%`.y2|+�+9�R��ݎ�+>�a�H��t�s�A)�ǋ2ռ����4&l���ִ�U�����<w4��A����1��a>֧dSA���P��]��JIh�rL�}�Nvӎ?v�|�s�#ǮN�-�˝��z���bԽ0r�C[��ي	ވo�'�#eYOLK���V̄��V|^6��X0V����FIuL���`5R�i� ��7�?���~D~��w�:C�� 굑��1|^>eʾ=�$6�,�� ȪgCⴅ��K�3`2�nΣ�+�g�by��[�r����0.����~�ّ�'-�a4��:&�r�qxdԝ
&�"X���Dv��@��L}�!>7m��g&U���p~��*d��!9�Q��o���]f(jP{�(Հ�{�O@�8�"a�[�I�y�yf�pP�O~�fz��7�vt��(�iX�z��|�5��qo�/��v2��Od�+|'s�*� ����>���z$�P_V��`g��\��WA�M�k���� ��vׇ9lY�4x�Ta�7����H� ?�X4|��F�HؙX�i������qӔ�[ɟh�p}hh�0�����*ۭ���`�;a�G�/~;w%D�%g�����X�J�&Cca�f˺�4?F��b~���%ic�m3~c���1ߘ`��L8������IKq����5Z5�e����E~:��9l|N"z����u��(�����U�F@\��'��T�#�%�`t�NX"��th"���A�J+��2�nH�hH M������B�?U�T������]���n8���㛎w�ZU��1��  .}ڪ���Ͱ�
�|xk)]�+�[��%�O�~��藳��*��i���k�ə�`;Ī)?W&b���j&q�ђj�Y��1B'tIg��%�i��>����#�l�v���&��H��E��M���V`�e]xAA0��~rK�;hڎI:_T��$��xz��-gX��N� h���Yj��1��'%Z�-�ɵ�lg�t��\DѾr�':���ǚ8+��b�r�m͸:nV�T$']r���2G�܍<C��'��C.�FR��rN��h���u��_��m��:���^����)����MR�$!�,�җ栐 �/)�������|Β�|��aKK|o��{F�QZ��h�Ry��O��E��g���;RO@��沭������z�INFO:werkzeug:172.19.0.5 - - [12/Sep/2025 13:52:38] "GET /api/admin/routes/145/media HTTP/1.1" 200 -
INFO:werkzeug:172.19.0.5 - - [12/Sep/2025 13:52:38] "GET /api/admin/routes/152/media HTTP/1.1" 200 -
INFO:werkzeug:172.19.0.5 - - [12/Sep/2025 13:52:38] "GET /api/admin/routes/153/media HTTP/1.1" 200 -
INFO:werkzeug:172.19.0.5 - - [12/Sep/2025 13:52:38] "GET /api/admin/routes/146/media HTTP/1.1" 200 -
INFO:werkzeug:172.19.0.5 - - [12/Sep/2025 13:52:38] "GET /api/admin/routes/147/media HTTP/1.1" 200 -
    🔍 Looking for preview: poi_media/previews/by_route_id/route_158__golgoli_tepesi/images/preview_a8a01de6.webp
    ✅ Preview found: poi_media/previews/by_route_id/route_158__golgoli_tepesi/images/preview_a8a01de6.webp
    ✅ Using WebP file: poi_media/previews/by_route_id/route_158__golgoli_tepesi/images/preview_a8a01de6.webp
    ✅ Adding media with file: poi_media/previews/by_route_id/route_158__golgoli_tepesi/images/preview_a8a01de6.webp
📊 Final total media files: 0
  📋 Processing database record: RealDictRow({'id': 6, 'route_id': 154, 'file_path': 'poi_media/by_route_id/route_154_Apr_26,_2023_17:05:11/images/CDNz99-WEAAcja3.jpg', 'thumbnail_path': 'poi_media/thumbnails/by_route_id/route_154_Apr_26,_2023_17:05:11/images/thumb_CDNz99-WEAAcja3.webp', 'preview_path': 'poi_media/previews/by_route_id/route_154_Apr_26,_2023_17:05:11/images/preview_CDNz99-WEAAcja3.webp', 'lat': 38.987654, 'lng': 34.987654, 'caption': '', 'is_primary': False, 'media_type': 'image', 'uploaded_at': datetime.datetime(2025, 8, 19, 1, 19, 11, 935472)})
    📁 Original file path: poi_media/by_route_id/route_154_Apr_26,_2023_17:05:11/images/CDNz99-WEAAcja3.jpg
    📁 Filename: CDNz99-WEAAcja3.jpg
    📁 File stem: CDNz99-WEAAcja3
    📁 Route folder name: route_154_Apr_26,_2023_17:05:11
    🔍 Looking for thumbnail: poi_media/thumbnails/by_route_id/route_154_Apr_26,_2023_17:05:11/images/thumb_CDNz99-WEAAcja3.webp
    ❌ Thumbnail not found: poi_media/thumbnails/by_route_id/route_154_Apr_26,_2023_17:05:11/images/thumb_CDNz99-WEAAcja3.webp
    🔍 Looking for preview: poi_media/previews/by_route_id/route_154_Apr_26,_2023_17:05:11/images/preview_CDNz99-WEAAcja3.webp
    ❌ Preview not found: poi_media/previews/by_route_id/route_154_Apr_26,_2023_17:05:11/images/preview_CDNz99-WEAAcja3.webp
    🔍 Checking original file path: poi_media/by_route_id/route_154_Apr_26,_2023_17:05:11/images/CDNz99-WEAAcja3.jpg
    ❌ Original file not found: poi_media/by_route_id/route_154_Apr_26,_2023_17:05:11/images/CDNz99-WEAAcja3.jpg
    ❌ No valid file found for this record
  📋 Processing database record: RealDictRow({'id': 5, 'route_id': 154, 'file_path': 'poi_media/by_route_id/route_154_Apr_26,_2023_17:05:11/images/000_0407.jpg', 'thumbnail_path': 'poi_media/thumbnails/by_route_id/route_154_Apr_26,_2023_17:05:11/images/thumb_000_0407.webp', 'preview_path': 'poi_media/previews/by_route_id/route_154_Apr_26,_2023_17:05:11/images/preview_000_0407.webp', 'lat': 38.62877839670661, 'lng': 34.85194696371255, 'caption': '', 'is_primary': False, 'media_type': 'image', 'uploaded_at': datetime.datetime(2025, 8, 19, 1, 3, 50, 611520)})
    📁 Original file path: poi_media/by_route_id/route_154_Apr_26,_2023_17:05:11/images/000_0407.jpg
    📁 Filename: 000_0407.jpg
    📁 File stem: 000_0407
    📁 Route folder name: route_154_Apr_26,_2023_17:05:11
    🔍 Looking for thumbnail: poi_media/thumbnails/by_route_id/route_154_Apr_26,_2023_17:05:11/images/thumb_000_0407.webp
    ❌ Thumbnail not found: poi_media/thumbnails/by_route_id/route_154_Apr_26,_2023_17:05:11/images/thumb_000_0407.webp
    🔍 Looking for preview: poi_media/previews/by_route_id/route_154_Apr_26,_2023_17:05:11/images/preview_000_0407.webp
    ❌ Preview not found: poi_media/previews/by_route_id/route_154_Apr_26,_2023_17:05:11/images/preview_000_0407.webp
    🔍 Checking original file path: poi_media/by_route_id/route_154_Apr_26,_2023_17:05:11/images/000_0407.jpg
    ❌ Original file not found: poi_media/by_route_id/route_154_Apr_26,_2023_17:05:11/images/000_0407.jpg
    ❌ No valid file found for this record
✅ Returning 2 media items from database
🔍 Checking for additional files not in database (previews + originals)...
📁 Checking for additional files in route folder: route_154_Apr_26,_2023_17:05:11
  📋 Processing database record: RealDictRow({'id': 366, 'route_id': 158, 'file_path': 'poi_media/by_route_id/route_158__golgoli_tepesi/images/a43052c0.webp', 'thumbnail_path': None, 'preview_path': None, 'lat': 38.538645241666664, 'lng': 34.89501679722222, 'caption': '', 'is_primary': False, 'media_type': 'image', 'uploaded_at': datetime.datetime(2025, 8, 28, 0, 27, 15, 39051)})
    📁 Original file path: poi_media/by_route_id/route_158__golgoli_tepesi/images/a43052c0.webp
    📁 Filename: a43052c0.webp
    📁 File stem: a43052c0
    📁 Route folder name: route_158__golgoli_tepesi
    🔍 Looking for thumbnail: poi_media/thumbnails/by_route_id/route_158__golgoli_tepesi/images/thumb_a43052c0.webp
    ✅ Thumbnail found: poi_media/thumbnails/by_route_id/route_158__golgoli_tepesi/images/thumb_a43052c0.webp
    🔍 Looking for preview: poi_media/previews/by_route_id/route_158__golgoli_tepesi/images/preview_a43052c0.webp
📊 Final total media files: 0
    ✅ Preview found: poi_media/previews/by_route_id/route_158__golgoli_tepesi/images/preview_a43052c0.webp
    ✅ Using WebP file: poi_media/previews/by_route_id/route_158__golgoli_tepesi/images/preview_a43052c0.webp
    ✅ Adding media with file: poi_media/previews/by_route_id/route_158__golgoli_tepesi/images/preview_a43052c0.webp
  📋 Processing database record: RealDictRow({'id': 364, 'route_id': 158, 'file_path': 'poi_media/by_route_id/route_158__golgoli_tepesi/images/7930e630.webp', 'thumbnail_path': None, 'preview_path': None, 'lat': 38.53862591944444, 'lng': 34.89478992777778, 'caption': '', 'is_primary': False, 'media_type': 'image', 'uploaded_at': datetime.datetime(2025, 8, 28, 0, 27, 14, 81559)})
    📁 Original file path: poi_media/by_route_id/route_158__golgoli_tepesi/images/7930e630.webp
    📁 Filename: 7930e630.webp
    📁 File stem: 7930e630
    📁 Route folder name: route_158__golgoli_tepesi
    🔍 Looking for thumbnail: poi_media/thumbnails/by_route_id/route_158__golgoli_tepesi/images/thumb_7930e630.webp
    ✅ Thumbnail found: poi_media/thumbnails/by_route_id/route_158__golgoli_tepesi/images/thumb_7930e630.webp
    🔍 Looking for preview: poi_media/previews/by_route_id/route_158__golgoli_tepesi/images/preview_7930e630.webp
    ✅ Preview found: poi_media/previews/by_route_id/route_158__golgoli_tepesi/images/preview_7930e630.webp
    ✅ Using WebP file: poi_media/previews/by_route_id/route_158__golgoli_tepesi/images/preview_7930e630.webp
    ✅ Adding media with file: poi_media/previews/by_route_id/route_158__golgoli_tepesi/images/preview_7930e630.webp
      ✅ Added additional original file: 05324070.webp (image)
  📋 Processing database record: RealDictRow({'id': 362, 'route_id': 158, 'file_path': 'poi_media/by_route_id/route_158__golgoli_tepesi/images/310d80c3.webp', 'thumbnail_path': None, 'preview_path': None, 'lat': 38.53861696111111, 'lng': 34.89495395833333, 'caption': '', 'is_primary': False, 'media_type': 'image', 'uploaded_at': datetime.datetime(2025, 8, 28, 0, 27, 13, 108461)})
    📁 Original file path: poi_media/by_route_id/route_158__golgoli_tepesi/images/310d80c3.webp
    📁 Filename: 310d80c3.webp
    📁 File stem: 310d80c3
    📁 Route folder name: route_158__golgoli_tepesi
    🔍 Looking for thumbnail: poi_media/thumbnails/by_route_id/route_158__golgoli_tepesi/images/thumb_310d80c3.webp
    ✅ Thumbnail found: poi_media/thumbnails/by_route_id/route_158__golgoli_tepesi/images/thumb_310d80c3.webp
    🔍 Looking for preview: poi_media/previews/by_route_id/route_158__golgoli_tepesi/images/preview_310d80c3.webp
    ✅ Preview found: poi_media/previews/by_route_id/route_158__golgoli_tepesi/images/preview_310d80c3.webp
    ✅ Using WebP file: poi_media/previews/by_route_id/route_158__golgoli_tepesi/images/preview_310d80c3.webp
    ✅ Adding media with file: poi_media/previews/by_route_id/route_158__golgoli_tepesi/images/preview_310d80c3.webp
  📋 Processing database record: RealDictRow({'id': 360, 'route_id': 158, 'file_path': 'poi_media/by_route_id/route_158__golgoli_tepesi/images/1bebfe28.webp', 'thumbnail_path': None, 'preview_path': None, 'lat': 38.53913848333333, 'lng': 34.893896516666665, 'caption': '', 'is_primary': False, 'media_type': 'image', 'uploaded_at': datetime.datetime(2025, 8, 28, 0, 27, 12, 134366)})
INFO:werkzeug:172.19.0.5 - - [12/Sep/2025 13:52:38] "GET /api/admin/routes/154/media HTTP/1.1" 200 -
    📁 Original file path: poi_media/by_route_id/route_158__golgoli_tepesi/images/1bebfe28.webp
    📁 Filename: 1bebfe28.webp
    📁 File stem: 1bebfe28
    📁 Route folder name: route_158__golgoli_tepesi
    🔍 Looking for thumbnail: poi_media/thumbnails/by_route_id/route_158__golgoli_tepesi/images/thumb_1bebfe28.webp
    ✅ Thumbnail found: poi_media/thumbnails/by_route_id/route_158__golgoli_tepesi/images/thumb_1bebfe28.webp
    🔍 Looking for preview: poi_media/previews/by_route_id/route_158__golgoli_tepesi/images/preview_1bebfe28.webp
    ✅ Preview found: poi_media/previews/by_route_id/route_158__golgoli_tepesi/images/preview_1bebfe28.webp
    ✅ Using WebP file: poi_media/previews/by_route_id/route_158__golgoli_tepesi/images/preview_1bebfe28.webp
    ✅ Adding media with file: poi_media/previews/by_route_id/route_158__golgoli_tepesi/images/preview_1bebfe28.webp
  📋 Processing database record: RealDictRow({'id': 358, 'route_id': 158, 'file_path': 'poi_media/by_route_id/route_158__golgoli_tepesi/images/bac79ed9.webp', 'thumbnail_path': None, 'preview_path': None, 'lat': 38.539151563888886, 'lng': 34.893660552777774, 'caption': '', 'is_primary': False, 'media_type': 'image', 'uploaded_at': datetime.datetime(2025, 8, 28, 0, 27, 11, 344634)})
    📁 Original file path: poi_media/by_route_id/route_158__golgoli_tepesi/images/bac79ed9.webp
    📁 Filename: bac79ed9.webp
    📁 File stem: bac79ed9
    📁 Route folder name: route_158__golgoli_tepesi
    🔍 Looking for thumbnail: poi_media/thumbnails/by_route_id/route_158__golgoli_tepesi/images/thumb_bac79ed9.webp
    ✅ Thumbnail found: poi_media/thumbnails/by_route_id/route_158__golgoli_tepesi/images/thumb_bac79ed9.webp
    🔍 Looking for preview: poi_media/previews/by_route_id/route_158__golgoli_tepesi/images/preview_bac79ed9.webp
    ✅ Preview found: poi_media/previews/by_route_id/route_158__golgoli_tepesi/images/preview_bac79ed9.webp
    ✅ Using WebP file: poi_media/previews/by_route_id/route_158__golgoli_tepesi/images/preview_bac79ed9.webp
    ✅ Adding media with file: poi_media/previews/by_route_id/route_158__golgoli_tepesi/images/preview_bac79ed9.webp
  📋 Processing database record: RealDictRow({'id': 356, 'route_id': 158, 'file_path': 'poi_media/by_route_id/route_158__golgoli_tepesi/images/4680ae8e.webp', 'thumbnail_path': None, 'preview_path': None, 'lat': 38.53919006666666, 'lng': 34.893344641666665, 'caption': '', 'is_primary': False, 'media_type': 'image', 'uploaded_at': datetime.datetime(2025, 8, 28, 0, 27, 10, 537147)})
    📁 Original file path: poi_media/by_route_id/route_158__golgoli_tepesi/images/4680ae8e.webp
    📁 Filename: 4680ae8e.webp
    📁 File stem: 4680ae8e
    📁 Route folder name: route_158__golgoli_tepesi
    🔍 Looking for thumbnail: poi_media/thumbnails/by_route_id/route_158__golgoli_tepesi/images/thumb_4680ae8e.webp
    ✅ Thumbnail found: poi_media/thumbnails/by_route_id/route_158__golgoli_tepesi/images/thumb_4680ae8e.webp
    🔍 Looking for preview: poi_media/previews/by_route_id/route_158__golgoli_tepesi/images/preview_4680ae8e.webp
    ✅ Preview found: poi_media/previews/by_route_id/route_158__golgoli_tepesi/images/preview_4680ae8e.webp
    ✅ Using WebP file: poi_media/previews/by_route_id/route_158__golgoli_tepesi/images/preview_4680ae8e.webp
    ✅ Adding media with file: poi_media/previews/by_route_id/route_158__golgoli_tepesi/images/preview_4680ae8e.webp
  📋 Processing database record: RealDictRow({'id': 354, 'route_id': 158, 'file_path': 'poi_media/by_route_id/route_158__golgoli_tepesi/images/5754deaa.webp', 'thumbnail_path': None, 'preview_path': None, 'lat': 38.539078177777775, 'lng': 34.89315549444444, 'caption': '', 'is_primary': False, 'media_type': 'image', 'uploaded_at': datetime.datetime(2025, 8, 28, 0, 27, 9, 658760)})
    📁 Original file path: poi_media/by_route_id/route_158__golgoli_tepesi/images/5754deaa.webp
    📁 Filename: 5754deaa.webp
    📁 File stem: 5754deaa
    📁 Route folder name: route_158__golgoli_tepesi
    🔍 Looking for thumbnail: poi_media/thumbnails/by_route_id/route_158__golgoli_tepesi/images/thumb_5754deaa.webp
    ✅ Thumbnail found: poi_media/thumbnails/by_route_id/route_158__golgoli_tepesi/images/thumb_5754deaa.webp
    🔍 Looking for preview: poi_media/previews/by_route_id/route_158__golgoli_tepesi/images/preview_5754deaa.webp
    ✅ Preview found: poi_media/previews/by_route_id/route_158__golgoli_tepesi/images/preview_5754deaa.webp
    ✅ Using WebP file: poi_media/previews/by_route_id/route_158__golgoli_tepesi/images/preview_5754deaa.webp
    ✅ Adding media with file: poi_media/previews/by_route_id/route_158__golgoli_tepesi/images/preview_5754deaa.webp
  📋 Processing database record: RealDictRow({'id': 352, 'route_id': 158, 'file_path': 'poi_media/by_route_id/route_158__golgoli_tepesi/images/d1445921.webp', 'thumbnail_path': None, 'preview_path': None, 'lat': 38.5390741, 'lng': 34.893140199722225, 'caption': '', 'is_primary': False, 'media_type': 'image', 'uploaded_at': datetime.datetime(2025, 8, 28, 0, 27, 8, 765538)})
    📁 Original file path: poi_media/by_route_id/route_158__golgoli_tepesi/images/d1445921.webp
    📁 Filename: d1445921.webp
    📁 File stem: d1445921
    📁 Route folder name: route_158__golgoli_tepesi
    🔍 Looking for thumbnail: poi_media/thumbnails/by_route_id/route_158__golgoli_tepesi/images/thumb_d1445921.webp
    ✅ Thumbnail found: poi_media/thumbnails/by_route_id/route_158__golgoli_tepesi/images/thumb_d1445921.webp
    🔍 Looking for preview: poi_media/previews/by_route_id/route_158__golgoli_tepesi/images/preview_d1445921.webp
    ✅ Preview found: poi_media/previews/by_route_id/route_158__golgoli_tepesi/images/preview_d1445921.webp
    ✅ Using WebP file: poi_media/previews/by_route_id/route_158__golgoli_tepesi/images/preview_d1445921.webp
    ✅ Adding media with file: poi_media/previews/by_route_id/route_158__golgoli_tepesi/images/preview_d1445921.webp
  📋 Processing database record: RealDictRow({'id': 350, 'route_id': 158, 'file_path': 'poi_media/by_route_id/route_158__golgoli_tepesi/images/3ed83270.webp', 'thumbnail_path': None, 'preview_path': None, 'lat': 38.539070599999995, 'lng': 34.893146199722224, 'caption': '', 'is_primary': False, 'media_type': 'image', 'uploaded_at': datetime.datetime(2025, 8, 28, 0, 27, 7, 779376)})
    📁 Original file path: poi_media/by_route_id/route_158__golgoli_tepesi/images/3ed83270.webp
    📁 Filename: 3ed83270.webp
    📁 File stem: 3ed83270
    📁 Route folder name: route_158__golgoli_tepesi
    🔍 Looking for thumbnail: poi_media/thumbnails/by_route_id/route_158__golgoli_tepesi/images/thumb_3ed83270.webp
    ✅ Thumbnail found: poi_media/thumbnails/by_route_id/route_158__golgoli_tepesi/images/thumb_3ed83270.webp
    🔍 Looking for preview: poi_media/previews/by_route_id/route_158__golgoli_tepesi/images/preview_3ed83270.webp
    ✅ Preview found: poi_media/previews/by_route_id/route_158__golgoli_tepesi/images/preview_3ed83270.webp
    ✅ Using WebP file: poi_media/previews/by_route_id/route_158__golgoli_tepesi/images/preview_3ed83270.webp
    ✅ Adding media with file: poi_media/previews/by_route_id/route_158__golgoli_tepesi/images/preview_3ed83270.webp
  📋 Processing database record: RealDictRow({'id': 348, 'route_id': 158, 'file_path': 'poi_media/by_route_id/route_158__golgoli_tepesi/images/4a052c7f.webp', 'thumbnail_path': None, 'preview_path': None, 'lat': 38.53907749972222, 'lng': 34.893141899999996, 'caption': '', 'is_primary': False, 'media_type': 'image', 'uploaded_at': datetime.datetime(2025, 8, 28, 0, 27, 6, 854489)})
    📁 Original file path: poi_media/by_route_id/route_158__golgoli_tepesi/images/4a052c7f.webp
    📁 Filename: 4a052c7f.webp
    📁 File stem: 4a052c7f
    📁 Route folder name: route_158__golgoli_tepesi
    🔍 Looking for thumbnail: poi_media/thumbnails/by_route_id/route_158__golgoli_tepesi/images/thumb_4a052c7f.webp
    ✅ Thumbnail found: poi_media/thumbnails/by_route_id/route_158__golgoli_tepesi/images/thumb_4a052c7f.webp
    🔍 Looking for preview: poi_media/previews/by_route_id/route_158__golgoli_tepesi/images/preview_4a052c7f.webp
    ✅ Preview found: poi_media/previews/by_route_id/route_158__golgoli_tepesi/images/preview_4a052c7f.webp
    ✅ Using WebP file: poi_media/previews/by_route_id/route_158__golgoli_tepesi/images/preview_4a052c7f.webp
    ✅ Adding media with file: poi_media/previews/by_route_id/route_158__golgoli_tepesi/images/preview_4a052c7f.webp
  📋 Processing database record: RealDictRow({'id': 346, 'route_id': 158, 'file_path': 'poi_media/by_route_id/route_158__golgoli_tepesi/images/ef51d291.webp', 'thumbnail_path': None, 'preview_path': None, 'lat': 38.53907699972222, 'lng': 34.893143799722225, 'caption': '', 'is_primary': False, 'media_type': 'image', 'uploaded_at': datetime.datetime(2025, 8, 28, 0, 27, 5, 911658)})
    📁 Original file path: poi_media/by_route_id/route_158__golgoli_tepesi/images/ef51d291.webp
    📁 Filename: ef51d291.webp
    📁 File stem: ef51d291
    📁 Route folder name: route_158__golgoli_tepesi
    🔍 Looking for thumbnail: poi_media/thumbnails/by_route_id/route_158__golgoli_tepesi/images/thumb_ef51d291.webp
    ✅ Thumbnail found: poi_media/thumbnails/by_route_id/route_158__golgoli_tepesi/images/thumb_ef51d291.webp
    🔍 Looking for preview: poi_media/previews/by_route_id/route_158__golgoli_tepesi/images/preview_ef51d291.webp
    ✅ Preview found: poi_media/previews/by_route_id/route_158__golgoli_tepesi/images/preview_ef51d291.webp
    ✅ Using WebP file: poi_media/previews/by_route_id/route_158__golgoli_tepesi/images/preview_ef51d291.webp
    ✅ Adding media with file: poi_media/previews/by_route_id/route_158__golgoli_tepesi/images/preview_ef51d291.webp
  📋 Processing database record: RealDictRow({'id': 344, 'route_id': 158, 'file_path': 'poi_media/by_route_id/route_158__golgoli_tepesi/images/31cc54bb.webp', 'thumbnail_path': None, 'preview_path': None, 'lat': 38.5389744, 'lng': 34.893149799999996, 'caption': '', 'is_primary': False, 'media_type': 'image', 'uploaded_at': datetime.datetime(2025, 8, 28, 0, 27, 4, 951126)})
    📁 Original file path: poi_media/by_route_id/route_158__golgoli_tepesi/images/31cc54bb.webp
    📁 Filename: 31cc54bb.webp
    📁 File stem: 31cc54bb
    📁 Route folder name: route_158__golgoli_tepesi
    🔍 Looking for thumbnail: poi_media/thumbnails/by_route_id/route_158__golgoli_tepesi/images/thumb_31cc54bb.webp
    ✅ Thumbnail found: poi_media/thumbnails/by_route_id/route_158__golgoli_tepesi/images/thumb_31cc54bb.webp
    🔍 Looking for preview: poi_media/previews/by_route_id/route_158__golgoli_tepesi/images/preview_31cc54bb.webp
    ✅ Preview found: poi_media/previews/by_route_id/route_158__golgoli_tepesi/images/preview_31cc54bb.webp
    ✅ Using WebP file: poi_media/previews/by_route_id/route_158__golgoli_tepesi/images/preview_31cc54bb.webp
    ✅ Adding media with file: poi_media/previews/by_route_id/route_158__golgoli_tepesi/images/preview_31cc54bb.webp
  📋 Processing database record: RealDictRow({'id': 342, 'route_id': 158, 'file_path': 'poi_media/by_route_id/route_158__golgoli_tepesi/images/76a5c95b.webp', 'thumbnail_path': None, 'preview_path': None, 'lat': 38.5388619, 'lng': 34.89315009972222, 'caption': '', 'is_primary': False, 'media_type': 'image', 'uploaded_at': datetime.datetime(2025, 8, 28, 0, 27, 3, 944943)})
    📁 Original file path: poi_media/by_route_id/route_158__golgoli_tepesi/images/76a5c95b.webp
    📁 Filename: 76a5c95b.webp
    📁 File stem: 76a5c95b
    📁 Route folder name: route_158__golgoli_tepesi
    🔍 Looking for thumbnail: poi_media/thumbnails/by_route_id/route_158__golgoli_tepesi/images/thumb_76a5c95b.webp
    ✅ Thumbnail found: poi_media/thumbnails/by_route_id/route_158__golgoli_tepesi/images/thumb_76a5c95b.webp
    🔍 Looking for preview: poi_media/previews/by_route_id/route_158__golgoli_tepesi/images/preview_76a5c95b.webp
    ✅ Preview found: poi_media/previews/by_route_id/route_158__golgoli_tepesi/images/preview_76a5c95b.webp
    ✅ Using WebP file: poi_media/previews/by_route_id/route_158__golgoli_tepesi/images/preview_76a5c95b.webp
    ✅ Adding media with file: poi_media/previews/by_route_id/route_158__golgoli_tepesi/images/preview_76a5c95b.webp
  📋 Processing database record: RealDictRow({'id': 340, 'route_id': 158, 'file_path': 'poi_media/by_route_id/route_158__golgoli_tepesi/images/03fe9606.webp', 'thumbnail_path': None, 'preview_path': None, 'lat': 38.53880889972222, 'lng': 34.893231899999996, 'caption': '', 'is_primary': False, 'media_type': 'image', 'uploaded_at': datetime.datetime(2025, 8, 28, 0, 27, 3, 94574)})
    📁 Original file path: poi_media/by_route_id/route_158__golgoli_tepesi/images/03fe9606.webp
    📁 Filename: 03fe9606.webp
    📁 File stem: 03fe9606
    📁 Route folder name: route_158__golgoli_tepesi
    🔍 Looking for thumbnail: poi_media/thumbnails/by_route_id/route_158__golgoli_tepesi/images/thumb_03fe9606.webp
    ✅ Thumbnail found: poi_media/thumbnails/by_route_id/route_158__golgoli_tepesi/images/thumb_03fe9606.webp
    🔍 Looking for preview: poi_media/previews/by_route_id/route_158__golgoli_tepesi/images/preview_03fe9606.webp
    ✅ Preview found: poi_media/previews/by_route_id/route_158__golgoli_tepesi/images/preview_03fe9606.webp
    ✅ Using WebP file: poi_media/previews/by_route_id/route_158__golgoli_tepesi/images/preview_03fe9606.webp
    ✅ Adding media with file: poi_media/previews/by_route_id/route_158__golgoli_tepesi/images/preview_03fe9606.webp
  📋 Processing database record: RealDictRow({'id': 338, 'route_id': 158, 'file_path': 'poi_media/by_route_id/route_158__golgoli_tepesi/images/b9220272.webp', 'thumbnail_path': None, 'preview_path': None, 'lat': 38.53886169972222, 'lng': 34.8931491, 'caption': '', 'is_primary': False, 'media_type': 'image', 'uploaded_at': datetime.datetime(2025, 8, 28, 0, 27, 2, 193221)})
    📁 Original file path: poi_media/by_route_id/route_158__golgoli_tepesi/images/b9220272.webp
    📁 Filename: b9220272.webp
    📁 File stem: b9220272
    📁 Route folder name: route_158__golgoli_tepesi
    🔍 Looking for thumbnail: poi_media/thumbnails/by_route_id/route_158__golgoli_tepesi/images/thumb_b9220272.webp
    ✅ Thumbnail found: poi_media/thumbnails/by_route_id/route_158__golgoli_tepesi/images/thumb_b9220272.webp
    🔍 Looking for preview: poi_media/previews/by_route_id/route_158__golgoli_tepesi/images/preview_b9220272.webp
    ✅ Preview found: poi_media/previews/by_route_id/route_158__golgoli_tepesi/images/preview_b9220272.webp
    ✅ Using WebP file: poi_media/previews/by_route_id/route_158__golgoli_tepesi/images/preview_b9220272.webp
    ✅ Adding media with file: poi_media/previews/by_route_id/route_158__golgoli_tepesi/images/preview_b9220272.webp
  📋 Processing database record: RealDictRow({'id': 336, 'route_id': 158, 'file_path': 'poi_media/by_route_id/route_158__golgoli_tepesi/images/34eca8f8.webp', 'thumbnail_path': None, 'preview_path': None, 'lat': 38.5385998, 'lng': 34.893474499999996, 'caption': '', 'is_primary': False, 'media_type': 'image', 'uploaded_at': datetime.datetime(2025, 8, 28, 0, 27, 1, 313085)})
    📁 Original file path: poi_media/by_route_id/route_158__golgoli_tepesi/images/34eca8f8.webp
    📁 Filename: 34eca8f8.webp
    📁 File stem: 34eca8f8
    📁 Route folder name: route_158__golgoli_tepesi
    🔍 Looking for thumbnail: poi_media/thumbnails/by_route_id/route_158__golgoli_tepesi/images/thumb_34eca8f8.webp
    ✅ Thumbnail found: poi_media/thumbnails/by_route_id/route_158__golgoli_tepesi/images/thumb_34eca8f8.webp
    🔍 Looking for preview: poi_media/previews/by_route_id/route_158__golgoli_tepesi/images/preview_34eca8f8.webp
    ✅ Preview found: poi_media/previews/by_route_id/route_158__golgoli_tepesi/images/preview_34eca8f8.webp
    ✅ Using WebP file: poi_media/previews/by_route_id/route_158__golgoli_tepesi/images/preview_34eca8f8.webp
    ✅ Adding media with file: poi_media/previews/by_route_id/route_158__golgoli_tepesi/images/preview_34eca8f8.webp
  📋 Processing database record: RealDictRow({'id': 334, 'route_id': 158, 'file_path': 'poi_media/by_route_id/route_158__golgoli_tepesi/images/497c1ee2.webp', 'thumbnail_path': None, 'preview_path': None, 'lat': 38.538537399999996, 'lng': 34.8934828, 'caption': '', 'is_primary': False, 'media_type': 'image', 'uploaded_at': datetime.datetime(2025, 8, 28, 0, 27, 0, 371739)})
    📁 Original file path: poi_media/by_route_id/route_158__golgoli_tepesi/images/497c1ee2.webp
    📁 Filename: 497c1ee2.webp
    📁 File stem: 497c1ee2
    📁 Route folder name: route_158__golgoli_tepesi
    🔍 Looking for thumbnail: poi_media/thumbnails/by_route_id/route_158__golgoli_tepesi/images/thumb_497c1ee2.webp
    ✅ Thumbnail found: poi_media/thumbnails/by_route_id/route_158__golgoli_tepesi/images/thumb_497c1ee2.webp
    🔍 Looking for preview: poi_media/previews/by_route_id/route_158__golgoli_tepesi/images/preview_497c1ee2.webp
    ✅ Preview found: poi_media/previews/by_route_id/route_158__golgoli_tepesi/images/preview_497c1ee2.webp
    ✅ Using WebP file: poi_media/previews/by_route_id/route_158__golgoli_tepesi/images/preview_497c1ee2.webp
    ✅ Adding media with file: poi_media/previews/by_route_id/route_158__golgoli_tepesi/images/preview_497c1ee2.webp
  📋 Processing database record: RealDictRow({'id': 332, 'route_id': 158, 'file_path': 'poi_media/by_route_id/route_158__golgoli_tepesi/images/8cc5df80.webp', 'thumbnail_path': None, 'preview_path': None, 'lat': 38.5384831, 'lng': 34.893604699722225, 'caption': '', 'is_primary': False, 'media_type': 'image', 'uploaded_at': datetime.datetime(2025, 8, 28, 0, 26, 59, 574912)})
    📁 Original file path: poi_media/by_route_id/route_158__golgoli_tepesi/images/8cc5df80.webp
    📁 Filename: 8cc5df80.webp
    📁 File stem: 8cc5df80
    📁 Route folder name: route_158__golgoli_tepesi
    🔍 Looking for thumbnail: poi_media/thumbnails/by_route_id/route_158__golgoli_tepesi/images/thumb_8cc5df80.webp
    ✅ Thumbnail found: poi_media/thumbnails/by_route_id/route_158__golgoli_tepesi/images/thumb_8cc5df80.webp
    🔍 Looking for preview: poi_media/previews/by_route_id/route_158__golgoli_tepesi/images/preview_8cc5df80.webp
    ✅ Preview found: poi_media/previews/by_route_id/route_158__golgoli_tepesi/images/preview_8cc5df80.webp
    ✅ Using WebP file: poi_media/previews/by_route_id/route_158__golgoli_tepesi/images/preview_8cc5df80.webp
    ✅ Adding media with file: poi_media/previews/by_route_id/route_158__golgoli_tepesi/images/preview_8cc5df80.webp
  📋 Processing database record: RealDictRow({'id': 330, 'route_id': 158, 'file_path': 'poi_media/by_route_id/route_158__golgoli_tepesi/images/8be806db.webp', 'thumbnail_path': None, 'preview_path': None, 'lat': 38.53836119972222, 'lng': 34.893993, 'caption': '', 'is_primary': False, 'media_type': 'image', 'uploaded_at': datetime.datetime(2025, 8, 28, 0, 26, 58, 715598)})
    📁 Original file path: poi_media/by_route_id/route_158__golgoli_tepesi/images/8be806db.webp
    📁 Filename: 8be806db.webp
    📁 File stem: 8be806db
    📁 Route folder name: route_158__golgoli_tepesi
    🔍 Looking for thumbnail: poi_media/thumbnails/by_route_id/route_158__golgoli_tepesi/images/thumb_8be806db.webp
    ✅ Thumbnail found: poi_media/thumbnails/by_route_id/route_158__golgoli_tepesi/images/thumb_8be806db.webp
    🔍 Looking for preview: poi_media/previews/by_route_id/route_158__golgoli_tepesi/images/preview_8be806db.webp
    ✅ Preview found: poi_media/previews/by_route_id/route_158__golgoli_tepesi/images/preview_8be806db.webp
    ✅ Using WebP file: poi_media/previews/by_route_id/route_158__golgoli_tepesi/images/preview_8be806db.webp
    ✅ Adding media with file: poi_media/previews/by_route_id/route_158__golgoli_tepesi/images/preview_8be806db.webp
  📋 Processing database record: RealDictRow({'id': 328, 'route_id': 158, 'file_path': 'poi_media/by_route_id/route_158__golgoli_tepesi/images/ddfcb001.webp', 'thumbnail_path': None, 'preview_path': None, 'lat': 38.53856059972222, 'lng': 34.894746599722225, 'caption': '', 'is_primary': False, 'media_type': 'image', 'uploaded_at': datetime.datetime(2025, 8, 28, 0, 26, 57, 756240)})
    📁 Original file path: poi_media/by_route_id/route_158__golgoli_tepesi/images/ddfcb001.webp
    📁 Filename: ddfcb001.webp
    📁 File stem: ddfcb001
    📁 Route folder name: route_158__golgoli_tepesi
    🔍 Looking for thumbnail: poi_media/thumbnails/by_route_id/route_158__golgoli_tepesi/images/thumb_ddfcb001.webp
    ✅ Thumbnail found: poi_media/thumbnails/by_route_id/route_158__golgoli_tepesi/images/thumb_ddfcb001.webp
    🔍 Looking for preview: poi_media/previews/by_route_id/route_158__golgoli_tepesi/images/preview_ddfcb001.webp
    ✅ Preview found: poi_media/previews/by_route_id/route_158__golgoli_tepesi/images/preview_ddfcb001.webp
    ✅ Using WebP file: poi_media/previews/by_route_id/route_158__golgoli_tepesi/images/preview_ddfcb001.webp
    ✅ Adding media with file: poi_media/previews/by_route_id/route_158__golgoli_tepesi/images/preview_ddfcb001.webp
  📋 Processing database record: RealDictRow({'id': 326, 'route_id': 158, 'file_path': 'poi_media/by_route_id/route_158__golgoli_tepesi/images/7678ff1f.webp', 'thumbnail_path': None, 'preview_path': None, 'lat': 38.53864449972222, 'lng': 34.8950224, 'caption': '', 'is_primary': False, 'media_type': 'image', 'uploaded_at': datetime.datetime(2025, 8, 28, 0, 26, 57, 60775)})
    📁 Original file path: poi_media/by_route_id/route_158__golgoli_tepesi/images/7678ff1f.webp
    📁 Filename: 7678ff1f.webp
    📁 File stem: 7678ff1f
    📁 Route folder name: route_158__golgoli_tepesi
    🔍 Looking for thumbnail: poi_media/thumbnails/by_route_id/route_158__golgoli_tepesi/images/thumb_7678ff1f.webp
    ✅ Thumbnail found: poi_media/thumbnails/by_route_id/route_158__golgoli_tepesi/images/thumb_7678ff1f.webp
    🔍 Looking for preview: poi_media/previews/by_route_id/route_158__golgoli_tepesi/images/preview_7678ff1f.webp
    ✅ Preview found: poi_media/previews/by_route_id/route_158__golgoli_tepesi/images/preview_7678ff1f.webp
    ✅ Using WebP file: poi_media/previews/by_route_id/route_158__golgoli_tepesi/images/preview_7678ff1f.webp
    ✅ Adding media with file: poi_media/previews/by_route_id/route_158__golgoli_tepesi/images/preview_7678ff1f.webp
  📋 Processing database record: RealDictRow({'id': 324, 'route_id': 158, 'file_path': 'poi_media/by_route_id/route_158__golgoli_tepesi/images/93ade8f8.webp', 'thumbnail_path': None, 'preview_path': None, 'lat': 38.538562299999995, 'lng': 34.8952479, 'caption': '', 'is_primary': False, 'media_type': 'image', 'uploaded_at': datetime.datetime(2025, 8, 28, 0, 26, 56, 114956)})
    📁 Original file path: poi_media/by_route_id/route_158__golgoli_tepesi/images/93ade8f8.webp
    📁 Filename: 93ade8f8.webp
    📁 File stem: 93ade8f8
    📁 Route folder name: route_158__golgoli_tepesi
    🔍 Looking for thumbnail: poi_media/thumbnails/by_route_id/route_158__golgoli_tepesi/images/thumb_93ade8f8.webp
    ✅ Thumbnail found: poi_media/thumbnails/by_route_id/route_158__golgoli_tepesi/images/thumb_93ade8f8.webp
    🔍 Looking for preview: poi_media/previews/by_route_id/route_158__golgoli_tepesi/images/preview_93ade8f8.webp
    ✅ Preview found: poi_media/previews/by_route_id/route_158__golgoli_tepesi/images/preview_93ade8f8.webp
    ✅ Using WebP file: poi_media/previews/by_route_id/route_158__golgoli_tepesi/images/preview_93ade8f8.webp
    ✅ Adding media with file: poi_media/previews/by_route_id/route_158__golgoli_tepesi/images/preview_93ade8f8.webp
  📋 Processing database record: RealDictRow({'id': 322, 'route_id': 158, 'file_path': 'poi_media/by_route_id/route_158__golgoli_tepesi/images/e03d52c3.webp', 'thumbnail_path': None, 'preview_path': None, 'lat': 38.53856379972222, 'lng': 34.8952612, 'caption': '', 'is_primary': False, 'media_type': 'image', 'uploaded_at': datetime.datetime(2025, 8, 28, 0, 26, 55, 357519)})
    📁 Original file path: poi_media/by_route_id/route_158__golgoli_tepesi/images/e03d52c3.webp
    📁 Filename: e03d52c3.webp
    📁 File stem: e03d52c3
    📁 Route folder name: route_158__golgoli_tepesi
    🔍 Looking for thumbnail: poi_media/thumbnails/by_route_id/route_158__golgoli_tepesi/images/thumb_e03d52c3.webp
    ✅ Thumbnail found: poi_media/thumbnails/by_route_id/route_158__golgoli_tepesi/images/thumb_e03d52c3.webp
    🔍 Looking for preview: poi_media/previews/by_route_id/route_158__golgoli_tepesi/images/preview_e03d52c3.webp
    ✅ Preview found: poi_media/previews/by_route_id/route_158__golgoli_tepesi/images/preview_e03d52c3.webp
    ✅ Using WebP file: poi_media/previews/by_route_id/route_158__golgoli_tepesi/images/preview_e03d52c3.webp
    ✅ Adding media with file: poi_media/previews/by_route_id/route_158__golgoli_tepesi/images/preview_e03d52c3.webp
  📋 Processing database record: RealDictRow({'id': 320, 'route_id': 158, 'file_path': 'poi_media/by_route_id/route_158__golgoli_tepesi/images/2eb3bdd0.webp', 'thumbnail_path': None, 'preview_path': None, 'lat': 38.538696699999996, 'lng': 34.89506889972222, 'caption': '', 'is_primary': False, 'media_type': 'image', 'uploaded_at': datetime.datetime(2025, 8, 28, 0, 26, 54, 590673)})
    📁 Original file path: poi_media/by_route_id/route_158__golgoli_tepesi/images/2eb3bdd0.webp
    📁 Filename: 2eb3bdd0.webp
    📁 File stem: 2eb3bdd0
    📁 Route folder name: route_158__golgoli_tepesi
    🔍 Looking for thumbnail: poi_media/thumbnails/by_route_id/route_158__golgoli_tepesi/images/thumb_2eb3bdd0.webp
    ✅ Thumbnail found: poi_media/thumbnails/by_route_id/route_158__golgoli_tepesi/images/thumb_2eb3bdd0.webp
    🔍 Looking for preview: poi_media/previews/by_route_id/route_158__golgoli_tepesi/images/preview_2eb3bdd0.webp
    ✅ Preview found: poi_media/previews/by_route_id/route_158__golgoli_tepesi/images/preview_2eb3bdd0.webp
    ✅ Using WebP file: poi_media/previews/by_route_id/route_158__golgoli_tepesi/images/preview_2eb3bdd0.webp
    ✅ Adding media with file: poi_media/previews/by_route_id/route_158__golgoli_tepesi/images/preview_2eb3bdd0.webp
  📋 Processing database record: RealDictRow({'id': 318, 'route_id': 158, 'file_path': 'poi_media/by_route_id/route_158__golgoli_tepesi/images/6ece84ed.webp', 'thumbnail_path': None, 'preview_path': None, 'lat': 38.5387191, 'lng': 34.89504339972222, 'caption': '', 'is_primary': False, 'media_type': 'image', 'uploaded_at': datetime.datetime(2025, 8, 28, 0, 26, 53, 953807)})
    📁 Original file path: poi_media/by_route_id/route_158__golgoli_tepesi/images/6ece84ed.webp
    📁 Filename: 6ece84ed.webp
    📁 File stem: 6ece84ed
    📁 Route folder name: route_158__golgoli_tepesi
    🔍 Looking for thumbnail: poi_media/thumbnails/by_route_id/route_158__golgoli_tepesi/images/thumb_6ece84ed.webp
    ✅ Thumbnail found: poi_media/thumbnails/by_route_id/route_158__golgoli_tepesi/images/thumb_6ece84ed.webp
    🔍 Looking for preview: poi_media/previews/by_route_id/route_158__golgoli_tepesi/images/preview_6ece84ed.webp
    ✅ Preview found: poi_media/previews/by_route_id/route_158__golgoli_tepesi/images/preview_6ece84ed.webp
    ✅ Using WebP file: poi_media/previews/by_route_id/route_158__golgoli_tepesi/images/preview_6ece84ed.webp
    ✅ Adding media with file: poi_media/previews/by_route_id/route_158__golgoli_tepesi/images/preview_6ece84ed.webp
  📋 Processing database record: RealDictRow({'id': 316, 'route_id': 158, 'file_path': 'poi_media/by_route_id/route_158__golgoli_tepesi/images/8e2313e9.webp', 'thumbnail_path': None, 'preview_path': None, 'lat': 38.5384825, 'lng': 34.89533949972222, 'caption': '', 'is_primary': False, 'media_type': 'image', 'uploaded_at': datetime.datetime(2025, 8, 28, 0, 26, 53, 383802)})
    📁 Original file path: poi_media/by_route_id/route_158__golgoli_tepesi/images/8e2313e9.webp
    📁 Filename: 8e2313e9.webp
    📁 File stem: 8e2313e9
    📁 Route folder name: route_158__golgoli_tepesi
    🔍 Looking for thumbnail: poi_media/thumbnails/by_route_id/route_158__golgoli_tepesi/images/thumb_8e2313e9.webp
    ✅ Thumbnail found: poi_media/thumbnails/by_route_id/route_158__golgoli_tepesi/images/thumb_8e2313e9.webp
    🔍 Looking for preview: poi_media/previews/by_route_id/route_158__golgoli_tepesi/images/preview_8e2313e9.webp
    ✅ Preview found: poi_media/previews/by_route_id/route_158__golgoli_tepesi/images/preview_8e2313e9.webp
    ✅ Using WebP file: poi_media/previews/by_route_id/route_158__golgoli_tepesi/images/preview_8e2313e9.webp
    ✅ Adding media with file: poi_media/previews/by_route_id/route_158__golgoli_tepesi/images/preview_8e2313e9.webp
  📋 Processing database record: RealDictRow({'id': 314, 'route_id': 158, 'file_path': 'poi_media/by_route_id/route_158__golgoli_tepesi/images/79b26571.webp', 'thumbnail_path': None, 'preview_path': None, 'lat': 38.538482099999996, 'lng': 34.895336299722224, 'caption': '', 'is_primary': False, 'media_type': 'image', 'uploaded_at': datetime.datetime(2025, 8, 28, 0, 26, 52, 672936)})
    📁 Original file path: poi_media/by_route_id/route_158__golgoli_tepesi/images/79b26571.webp
    📁 Filename: 79b26571.webp
    📁 File stem: 79b26571
    📁 Route folder name: route_158__golgoli_tepesi
    🔍 Looking for thumbnail: poi_media/thumbnails/by_route_id/route_158__golgoli_tepesi/images/thumb_79b26571.webp
    ✅ Thumbnail found: poi_media/thumbnails/by_route_id/route_158__golgoli_tepesi/images/thumb_79b26571.webp
    🔍 Looking for preview: poi_media/previews/by_route_id/route_158__golgoli_tepesi/images/preview_79b26571.webp
    ✅ Preview found: poi_media/previews/by_route_id/route_158__golgoli_tepesi/images/preview_79b26571.webp
    ✅ Using WebP file: poi_media/previews/by_route_id/route_158__golgoli_tepesi/images/preview_79b26571.webp
    ✅ Adding media with file: poi_media/previews/by_route_id/route_158__golgoli_tepesi/images/preview_79b26571.webp
  📋 Processing database record: RealDictRow({'id': 312, 'route_id': 158, 'file_path': 'poi_media/by_route_id/route_158__golgoli_tepesi/images/8a66d8b6.webp', 'thumbnail_path': None, 'preview_path': None, 'lat': 38.54045589972222, 'lng': 34.8893034, 'caption': '', 'is_primary': False, 'media_type': 'image', 'uploaded_at': datetime.datetime(2025, 8, 28, 0, 26, 51, 988709)})
    📁 Original file path: poi_media/by_route_id/route_158__golgoli_tepesi/images/8a66d8b6.webp
    📁 Filename: 8a66d8b6.webp
    📁 File stem: 8a66d8b6
    📁 Route folder name: route_158__golgoli_tepesi
    🔍 Looking for thumbnail: poi_media/thumbnails/by_route_id/route_158__golgoli_tepesi/images/thumb_8a66d8b6.webp
    ✅ Thumbnail found: poi_media/thumbnails/by_route_id/route_158__golgoli_tepesi/images/thumb_8a66d8b6.webp
    🔍 Looking for preview: poi_media/previews/by_route_id/route_158__golgoli_tepesi/images/preview_8a66d8b6.webp
    ✅ Preview found: poi_media/previews/by_route_id/route_158__golgoli_tepesi/images/preview_8a66d8b6.webp
    ✅ Using WebP file: poi_media/previews/by_route_id/route_158__golgoli_tepesi/images/preview_8a66d8b6.webp
    ✅ Adding media with file: poi_media/previews/by_route_id/route_158__golgoli_tepesi/images/preview_8a66d8b6.webp
  📋 Processing database record: RealDictRow({'id': 310, 'route_id': 158, 'file_path': 'poi_media/by_route_id/route_158__golgoli_tepesi/images/8e808b0c.webp', 'thumbnail_path': None, 'preview_path': None, 'lat': 38.54181719972222, 'lng': 34.8861349, 'caption': '', 'is_primary': False, 'media_type': 'image', 'uploaded_at': datetime.datetime(2025, 8, 28, 0, 26, 51, 252894)})
    📁 Original file path: poi_media/by_route_id/route_158__golgoli_tepesi/images/8e808b0c.webp
    📁 Filename: 8e808b0c.webp
    📁 File stem: 8e808b0c
    📁 Route folder name: route_158__golgoli_tepesi
    🔍 Looking for thumbnail: poi_media/thumbnails/by_route_id/route_158__golgoli_tepesi/images/thumb_8e808b0c.webp
    ✅ Thumbnail found: poi_media/thumbnails/by_route_id/route_158__golgoli_tepesi/images/thumb_8e808b0c.webp
    🔍 Looking for preview: poi_media/previews/by_route_id/route_158__golgoli_tepesi/images/preview_8e808b0c.webp
INFO:werkzeug:172.19.0.5 - - [12/Sep/2025 13:52:38] "GET /api/admin/routes/158/media HTTP/1.1" 200 -
    ✅ Preview found: poi_media/previews/by_route_id/route_158__golgoli_tepesi/images/preview_8e808b0c.webp
    ✅ Using WebP file: poi_media/previews/by_route_id/route_158__golgoli_tepesi/images/preview_8e808b0c.webp
    ✅ Adding media with file: poi_media/previews/by_route_id/route_158__golgoli_tepesi/images/preview_8e808b0c.webp
  📋 Processing database record: RealDictRow({'id': 308, 'route_id': 158, 'file_path': 'poi_media/by_route_id/route_158__golgoli_tepesi/images/1112d0fe.webp', 'thumbnail_path': None, 'preview_path': None, 'lat': 38.54181719972222, 'lng': 34.8861349, 'caption': '', 'is_primary': False, 'media_type': 'image', 'uploaded_at': datetime.datetime(2025, 8, 28, 0, 26, 50, 616200)})
    📁 Original file path: poi_media/by_route_id/route_158__golgoli_tepesi/images/1112d0fe.webp
    📁 Filename: 1112d0fe.webp
    📁 File stem: 1112d0fe
    📁 Route folder name: route_158__golgoli_tepesi
    🔍 Looking for thumbnail: poi_media/thumbnails/by_route_id/route_158__golgoli_tepesi/images/thumb_1112d0fe.webp
    ✅ Thumbnail found: poi_media/thumbnails/by_route_id/route_158__golgoli_tepesi/images/thumb_1112d0fe.webp
    🔍 Looking for preview: poi_media/previews/by_route_id/route_158__golgoli_tepesi/images/preview_1112d0fe.webp
    ✅ Preview found: poi_media/previews/by_route_id/route_158__golgoli_tepesi/images/preview_1112d0fe.webp
    ✅ Using WebP file: poi_media/previews/by_route_id/route_158__golgoli_tepesi/images/preview_1112d0fe.webp
    ✅ Adding media with file: poi_media/previews/by_route_id/route_158__golgoli_tepesi/images/preview_1112d0fe.webp
  📋 Processing database record: RealDictRow({'id': 306, 'route_id': 158, 'file_path': 'poi_media/by_route_id/route_158__golgoli_tepesi/images/3bbb92e5.webp', 'thumbnail_path': None, 'preview_path': None, 'lat': 38.53629519972222, 'lng': 34.885004199722225, 'caption': '', 'is_primary': False, 'media_type': 'image', 'uploaded_at': datetime.datetime(2025, 8, 28, 0, 26, 49, 821177)})
    📁 Original file path: poi_media/by_route_id/route_158__golgoli_tepesi/images/3bbb92e5.webp
    📁 Filename: 3bbb92e5.webp
    📁 File stem: 3bbb92e5
    📁 Route folder name: route_158__golgoli_tepesi
    🔍 Looking for thumbnail: poi_media/thumbnails/by_route_id/route_158__golgoli_tepesi/images/thumb_3bbb92e5.webp
    ✅ Thumbnail found: poi_media/thumbnails/by_route_id/route_158__golgoli_tepesi/images/thumb_3bbb92e5.webp
    🔍 Looking for preview: poi_media/previews/by_route_id/route_158__golgoli_tepesi/images/preview_3bbb92e5.webp
    ✅ Preview found: poi_media/previews/by_route_id/route_158__golgoli_tepesi/images/preview_3bbb92e5.webp
    ✅ Using WebP file: poi_media/previews/by_route_id/route_158__golgoli_tepesi/images/preview_3bbb92e5.webp
    ✅ Adding media with file: poi_media/previews/by_route_id/route_158__golgoli_tepesi/images/preview_3bbb92e5.webp
  📋 Processing database record: RealDictRow({'id': 304, 'route_id': 158, 'file_path': 'poi_media/by_route_id/route_158__golgoli_tepesi/images/8a0bab75.webp', 'thumbnail_path': None, 'preview_path': None, 'lat': 38.533828199999995, 'lng': 34.8766632, 'caption': '', 'is_primary': False, 'media_type': 'image', 'uploaded_at': datetime.datetime(2025, 8, 28, 0, 26, 49, 158570)})
    📁 Original file path: poi_media/by_route_id/route_158__golgoli_tepesi/images/8a0bab75.webp
    📁 Filename: 8a0bab75.webp
    📁 File stem: 8a0bab75
    📁 Route folder name: route_158__golgoli_tepesi
    🔍 Looking for thumbnail: poi_media/thumbnails/by_route_id/route_158__golgoli_tepesi/images/thumb_8a0bab75.webp
    ✅ Thumbnail found: poi_media/thumbnails/by_route_id/route_158__golgoli_tepesi/images/thumb_8a0bab75.webp
    🔍 Looking for preview: poi_media/previews/by_route_id/route_158__golgoli_tepesi/images/preview_8a0bab75.webp
    ✅ Preview found: poi_media/previews/by_route_id/route_158__golgoli_tepesi/images/preview_8a0bab75.webp
    ✅ Using WebP file: poi_media/previews/by_route_id/route_158__golgoli_tepesi/images/preview_8a0bab75.webp
    ✅ Adding media with file: poi_media/previews/by_route_id/route_158__golgoli_tepesi/images/preview_8a0bab75.webp
✅ Returning 36 media items from database
🔍 Checking for additional files not in database (previews + originals)...
📁 Checking for additional files in route folder: route_158__golgoli_tepesi
🚀 get_route_media called for route_id: 120
🔍 Attempting database lookup...
📡 Using connection string: postgresql://poi_user:poi_password@localhost/poi_d...
🚀 get_route_media called for route_id: 144
🔍 Attempting database lookup...
📡 Using connection string: postgresql://poi_user:poi_password@localhost/poi_d...
🚀 get_route_media called for route_id: 143
🔍 Attempting database lookup...
📡 Using connection string: postgresql://poi_user:poi_password@localhost/poi_d...
✅ Database connection established
✅ Database connection established
📊 Database query returned 0 records
⚠️ No media found in database, falling back to filesystem...
📊 Database query returned 2 records
✅ Found media in database, processing...
  📋 Processing database record: RealDictRow({'id': 377, 'route_id': 120, 'file_path': 'poi_media/by_panorama/images/a92b1d4f.webp', 'thumbnail_path': 'poi_media/previews/by_panorama/images/thumb_a92b1d4f.webp', 'preview_path': 'poi_media/previews/by_panorama/images/thumb_a92b1d4f.webp', 'lat': 38.55853044444444, 'lng': 34.98415477777778, 'caption': '', 'is_primary': False, 'media_type': 'image', 'uploaded_at': datetime.datetime(2025, 9, 11, 15, 28, 43, 105690)})
    📁 Original file path: poi_media/by_panorama/images/a92b1d4f.webp
    📁 Filename: a92b1d4f.webp
    📁 File stem: a92b1d4f
    🔍 No route folder name, checking original file: poi_media/by_panorama/images/a92b1d4f.webp
🚀 get_route_media called for route_id: 111
🔍 Attempting database lookup...
📡 Using connection string: postgresql://poi_user:poi_password@localhost/poi_d...
    ✅ Original file exists: poi_media/by_panorama/images/a92b1d4f.webp
    ✅ Adding media with file: poi_media/by_panorama/images/a92b1d4f.webp
  📋 Processing database record: RealDictRow({'id': 376, 'route_id': 120, 'file_path': 'poi_media/by_route_id/route_120_Wikiloc_-_Karlık_-_Avla_Dağ_-_Upper_Kurtdere/images/129a9a11.webp', 'thumbnail_path': None, 'preview_path': None, 'lat': 38.545110055555554, 'lng': 34.977951000000004, 'caption': '', 'is_primary': False, 'media_type': 'image', 'uploaded_at': datetime.datetime(2025, 9, 8, 21, 55, 27, 428702)})
    📁 Original file path: poi_media/by_route_id/route_120_Wikiloc_-_Karlık_-_Avla_Dağ_-_Upper_Kurtdere/images/129a9a11.webp
    📁 Filename: 129a9a11.webp
    📁 File stem: 129a9a11
    📁 Route folder name: route_120_Wikiloc_-_Karlık_-_Avla_Dağ_-_Upper_Kurtdere
    🔍 Looking for thumbnail: poi_media/thumbnails/by_route_id/route_120_Wikiloc_-_Karlık_-_Avla_Dağ_-_Upper_Kurtdere/images/thumb_129a9a11.webp
🔍 Database returned no results, falling back to filesystem...
✅ Base route directory found: poi_media/by_route_id
📊 Total media files found in filesystem: 0
🔍 No media found in main directories, checking WebP files...
📊 Final total media files: 0
🚀 get_route_media called for route_id: 112
🔍 Attempting database lookup...
📡 Using connection string: postgresql://poi_user:poi_password@localhost/poi_d...
🚀 get_route_media called for route_id: 118
🔍 Attempting database lookup...
📡 Using connection string: postgresql://poi_user:poi_password@localhost/poi_d...
✅ Database connection established
    ✅ Thumbnail found: poi_media/thumbnails/by_route_id/route_120_Wikiloc_-_Karlık_-_Avla_Dağ_-_Upper_Kurtdere/images/thumb_129a9a11.webp
    🔍 Looking for preview: poi_media/previews/by_route_id/route_120_Wikiloc_-_Karlık_-_Avla_Dağ_-_Upper_Kurtdere/images/preview_129a9a11.webp
    ✅ Preview found: poi_media/previews/by_route_id/route_120_Wikiloc_-_Karlık_-_Avla_Dağ_-_Upper_Kurtdere/images/preview_129a9a11.webp
    ✅ Using WebP file: poi_media/previews/by_route_id/route_120_Wikiloc_-_Karlık_-_Avla_Dağ_-_Upper_Kurtdere/images/preview_129a9a11.webp
INFO:werkzeug:172.19.0.5 - - [12/Sep/2025 13:52:38] "GET /api/admin/routes/144/media HTTP/1.1" 200 -
INFO:werkzeug:172.19.0.5 - - [12/Sep/2025 13:52:38] "GET /api/admin/routes/112/media HTTP/1.1" 200 -
INFO:werkzeug:172.19.0.5 - - [12/Sep/2025 13:52:38] "GET /api/admin/routes/120/media HTTP/1.1" 200 -
INFO:werkzeug:172.19.0.5 - - [12/Sep/2025 13:52:38] "GET /api/admin/routes/118/media HTTP/1.1" 200 -
INFO:werkzeug:172.19.0.5 - - [12/Sep/2025 13:52:38] "GET /api/admin/routes/78/media HTTP/1.1" 200 -
INFO:werkzeug:172.19.0.5 - - [12/Sep/2025 13:52:38] "GET /api/admin/routes/6/media HTTP/1.1" 200 -
INFO:werkzeug:172.19.0.5 - - [12/Sep/2025 13:52:38] "GET /api/admin/routes/111/media HTTP/1.1" 200 -
INFO:route_service:Retrieved geometry for route 164
INFO:werkzeug:172.19.0.5 - - [12/Sep/2025 13:52:38] "GET /api/admin/routes/107/media HTTP/1.1" 200 -
INFO:route_service:Retrieved geometry for route 158
INFO:werkzeug:172.19.0.5 - - [12/Sep/2025 13:52:38] "GET /api/admin/routes/8/media HTTP/1.1" 200 -
INFO:route_service:Retrieved geometry for route 154
    ✅ Adding media with file: poi_media/previews/by_route_id/route_120_Wikiloc_-_Karlık_-_Avla_Dağ_-_Upper_Kurtdere/images/preview_129a9a11.webp
📊 Database query returned 0 records
⚠️ No media found in database, falling back to filesystem...
✅ Database connection established
✅ Database connection established
✅ Database connection established
🚀 get_route_media called for route_id: 113
🔍 Attempting database lookup...
📡 Using connection string: postgresql://poi_user:poi_password@localhost/poi_d...
🔍 Database returned no results, falling back to filesystem...
🚀 get_route_media called for route_id: 107
🔍 Attempting database lookup...
📡 Using connection string: postgresql://poi_user:poi_password@localhost/poi_d...
📊 Database query returned 0 records
⚠️ No media found in database, falling back to filesystem...
📊 Database query returned 0 records
⚠️ No media found in database, falling back to filesystem...
✅ Base route directory found: poi_media/by_route_id
🔍 Database returned no results, falling back to filesystem...
✅ Base route directory found: poi_media/by_route_id
📊 Database query returned 0 records
⚠️ No media found in database, falling back to filesystem...
🔍 Database returned no results, falling back to filesystem...
✅ Base route directory found: poi_media/by_route_id
🔍 Database returned no results, falling back to filesystem...
✅ Base route directory found: poi_media/by_route_id
🚀 get_route_media called for route_id: 78
🔍 Attempting database lookup...
📡 Using connection string: postgresql://poi_user:poi_password@localhost/poi_d...
📊 Total media files found in filesystem: 0
🔍 No media found in main directories, checking WebP files...
📊 Total media files found in filesystem: 0
🔍 No media found in main directories, checking WebP files...
✅ Returning 2 media items from database
🔍 Checking for additional files not in database (previews + originals)...
📊 Total media files found in filesystem: 0
🔍 No media found in main directories, checking WebP files...
📊 Final total media files: 0
✅ Database connection established
🚀 get_route_media called for route_id: 6
🔍 Attempting database lookup...
📡 Using connection string: postgresql://poi_user:poi_password@localhost/poi_d...
📊 Total media files found in filesystem: 0
🔍 No media found in main directories, checking WebP files...
📊 Final total media files: 0
🚀 get_route_media called for route_id: 4
🔍 Attempting database lookup...
📡 Using connection string: postgresql://poi_user:poi_password@localhost/poi_d...
📊 Final total media files: 0
🚀 get_route_media called for route_id: 8
🔍 Attempting database lookup...
📡 Using connection string: postgresql://poi_user:poi_password@localhost/poi_d...
✅ Database connection established
📊 Database query returned 0 records
⚠️ No media found in database, falling back to filesystem...
🚀 get_route_media called for route_id: 9
🔍 Attempting database lookup...
📡 Using connection string: postgresql://poi_user:poi_password@localhost/poi_d...
📊 Final total media files: 0
🔍 Database returned no results, falling back to filesystem...
✅ Database connection established
🚀 get_route_media called for route_id: 5
🔍 Attempting database lookup...
📡 Using connection string: postgresql://poi_user:poi_password@localhost/poi_d...
🚀 get_route_media called for route_id: 7
🔍 Attempting database lookup...
📡 Using connection string: postgresql://poi_user:poi_password@localhost/poi_d...
✅ Database connection established
✅ Database connection established
✅ Base route directory found: poi_media/by_route_id
📊 Database query returned 0 records
⚠️ No media found in database, falling back to filesystem...
📊 Total media files found in filesystem: 0
🔍 No media found in main directories, checking WebP files...
📊 Final total media files: 0
📊 Database query returned 0 records
⚠️ No media found in database, falling back to filesystem...
🔍 Database returned no results, falling back to filesystem...
✅ Base route directory found: poi_media/by_route_id
🔍 Database returned no results, falling back to filesystem...
✅ Base route directory found: poi_media/by_route_id
📊 Total media files found in filesystem: 0
🔍 No media found in main directories, checking WebP files...
📊 Final total media files: 0
📂 Found route folder: poi_media/by_route_id/route_78_tst_rota
📁 Checking image directory: poi_media/by_route_id/route_78_tst_rota/images
  📄 Found file: 5f1f2f86.webp
    ✅ Thumbnail found: poi_media/thumbnails/by_route_id/route_78_tst_rota/images/thumb_5f1f2f86.webp
    ✅ Preview found: poi_media/previews/by_route_id/route_78_tst_rota/images/preview_5f1f2f86.webp
    ✅ Added media: 5f1f2f86.webp
📊 Total media files found in filesystem: 1
📊 Final total media files: 1
🚀 get_route_media called for route_id: 2
🔍 Attempting database lookup...
📡 Using connection string: postgresql://poi_user:poi_password@localhost/poi_d...
🚀 get_route_media called for route_id: 3
🔍 Attempting database lookup...
📡 Using connection string: postgresql://poi_user:poi_password@localhost/poi_d...
✅ Database connection established
📊 Database query returned 0 records
⚠️ No media found in database, falling back to filesystem...
🔍 Database returned no results, falling back to filesystem...
✅ Base route directory found: poi_media/by_route_id
📊 Total media files found in filesystem: 0
🔍 No media found in main directories, checking WebP files...
📊 Final total media files: 0
✅ Database connection established
📊 Database query returned 0 records
⚠️ No media found in database, falling back to filesystem...
🔍 Database returned no results, falling back to filesystem...
✅ Base route directory found: poi_media/by_route_id
📊 Database query returned 0 records
⚠️ No media found in database, falling back to filesystem...
🔍 Database returned no results, falling back to filesystem...
✅ Base route directory found: poi_media/by_route_id
📊 Database query returned 0 records
⚠️ No media found in database, falling back to filesystem...
✅ Database connection established
🔍 Database returned no results, falling back to filesystem...
✅ Database connection established
📊 Total media files found in filesystem: 0
🔍 No media found in main directories, checking WebP files...
📊 Final total media files: 0
✅ Base route directory found: poi_media/by_route_id
📊 Total media files found in filesystem: 0
🔍 No media found in main directories, checking WebP files...
📊 Final total media files: 0
📊 Total media files found in filesystem: 0
🔍 No media found in main directories, checking WebP files...
📊 Final total media files: 0
📊 Database query returned 0 records
⚠️ No media found in database, falling back to filesystem...
✅ Database connection established
📊 Database query returned 0 records
⚠️ No media found in database, falling back to filesystem...
🔍 Database returned no results, falling back to filesystem...
✅ Base route directory found: poi_media/by_route_id
✅ Database connection established
🔍 Database returned no results, falling back to filesystem...
✅ Base route directory found: poi_media/by_route_id
📊 Database query returned 0 records
⚠️ No media found in database, falling back to filesystem...
🔍 Database returned no results, falling back to filesystem...
📊 Total media files found in filesystem: 0
🔍 No media found in main directories, checking WebP files...
✅ Base route directory found: poi_media/by_route_id
📊 Total media files found in filesystem: 0
🔍 No media found in main directories, checking WebP files...
🚀 get_route_media called for route_id: 1
🔍 Attempting database lookup...
📡 Using connection string: postgresql://poi_user:poi_password@localhost/poi_d...
📊 Database query returned 0 records
⚠️ No media found in database, falling back to filesystem...
🔍 Database returned no results, falling back to filesystem...
INFO:werkzeug:172.19.0.5 - - [12/Sep/2025 13:52:38] "GET /api/admin/routes/143/media HTTP/1.1" 200 -
INFO:route_service:Retrieved geometry for route 155
INFO:werkzeug:172.19.0.5 - - [12/Sep/2025 13:52:38] "GET /api/routes/164/geometry HTTP/1.1" 200 -
INFO:werkzeug:172.19.0.5 - - [12/Sep/2025 13:52:38] "GET /api/admin/routes/113/media HTTP/1.1" 200 -
INFO:werkzeug:172.19.0.5 - - [12/Sep/2025 13:52:38] "GET /api/admin/routes/9/media HTTP/1.1" 200 -
INFO:route_service:Retrieved geometry for route 153
INFO:route_service:Retrieved geometry for route 152
INFO:werkzeug:172.19.0.5 - - [12/Sep/2025 13:52:38] "GET /api/admin/routes/4/media HTTP/1.1" 200 -
INFO:werkzeug:172.19.0.5 - - [12/Sep/2025 13:52:38] "GET /api/routes/154/geometry HTTP/1.1" 200 -
INFO:route_service:Retrieved geometry for route 145
INFO:werkzeug:172.19.0.5 - - [12/Sep/2025 13:52:38] "GET /api/admin/routes/7/media HTTP/1.1" 200 -
INFO:werkzeug:172.19.0.5 - - [12/Sep/2025 13:52:38] "GET /api/routes/158/geometry HTTP/1.1" 200 -
INFO:route_service:Retrieved geometry for route 147
INFO:route_service:Retrieved geometry for route 146
INFO:route_service:Retrieved geometry for route 144
INFO:werkzeug:172.19.0.5 - - [12/Sep/2025 13:52:38] "GET /api/admin/routes/5/media HTTP/1.1" 200 -
INFO:werkzeug:172.19.0.5 - - [12/Sep/2025 13:52:38] "GET /api/routes/155/geometry HTTP/1.1" 200 -
INFO:werkzeug:172.19.0.5 - - [12/Sep/2025 13:52:38] "GET /api/routes/153/geometry HTTP/1.1" 200 -
INFO:werkzeug:172.19.0.5 - - [12/Sep/2025 13:52:38] "GET /api/admin/routes/2/media HTTP/1.1" 200 -
INFO:werkzeug:172.19.0.5 - - [12/Sep/2025 13:52:38] "GET /api/routes/145/geometry HTTP/1.1" 200 -
INFO:werkzeug:172.19.0.5 - - [12/Sep/2025 13:52:38] "GET /api/routes/152/geometry HTTP/1.1" 200 -
✅ Base route directory found: poi_media/by_route_id
📊 Final total media files: 0
✅ Database connection established
📊 Total media files found in filesystem: 0
🔍 No media found in main directories, checking WebP files...
📊 Database query returned 0 records
⚠️ No media found in database, falling back to filesystem...
📊 Final total media files: 0
📊 Total media files found in filesystem: 0
🔍 No media found in main directories, checking WebP files...
📊 Final total media files: 0
🔍 Database returned no results, falling back to filesystem...
✅ Base route directory found: poi_media/by_route_id
📊 Total media files found in filesystem: 0
🔍 No media found in main directories, checking WebP files...
🚀 get_route_media called for route_id: 155
🔍 Attempting database lookup...
📡 Using connection string: postgresql://poi_user:poi_password@localhost/poi_d...
🚀 get_route_media called for route_id: 164
🔍 Attempting database lookup...
📡 Using connection string: postgresql://poi_user:poi_password@localhost/poi_d...
📊 Final total media files: 0
📊 Final total media files: 0
🚀 get_route_media called for route_id: 153
🔍 Attempting database lookup...
📡 Using connection string: postgresql://poi_user:poi_password@localhost/poi_d...
🚀 get_route_media called for route_id: 145
🔍 Attempting database lookup...
📡 Using connection string: postgresql://poi_user:poi_password@localhost/poi_d...
✅ Database connection established
🚀 get_route_media called for route_id: 152
🔍 Attempting database lookup...
📡 Using connection string: postgresql://poi_user:poi_password@localhost/poi_d...
✅ Database connection established
📊 Database query returned 2 records
✅ Found media in database, processing...
  📋 Processing database record: RealDictRow({'id': 214, 'route_id': 155, 'file_path': 'poi_media/by_route_id/route_155_18_Ağu_2025_17:14:55/images/801ffc2d.webp', 'thumbnail_path': None, 'preview_path': None, 'lat': 38.53838089972222, 'lng': 34.90178089972222, 'caption': '', 'is_primary': False, 'media_type': 'image', 'uploaded_at': datetime.datetime(2025, 8, 21, 23, 14, 11, 404122)})
    📁 Original file path: poi_media/by_route_id/route_155_18_Ağu_2025_17:14:55/images/801ffc2d.webp
    📁 Filename: 801ffc2d.webp
    📁 File stem: 801ffc2d
    📁 Route folder name: route_155_18_Ağu_2025_17:14:55
    🔍 Looking for thumbnail: poi_media/thumbnails/by_route_id/route_155_18_Ağu_2025_17:14:55/images/thumb_801ffc2d.webp
📊 Database query returned 1 records
✅ Found media in database, processing...
  📋 Processing database record: RealDictRow({'id': 446, 'route_id': 164, 'file_path': 'poi_media/by_route_id/route_164_Yeni_Rota_2/images/37d18082.webp', 'thumbnail_path': 'poi_media/thumbnails/by_route_id/route_164_Yeni_Rota_2/images/thumb_37d18082.webp', 'preview_path': 'poi_media/thumbnails/by_route_id/route_164_Yeni_Rota_2/images/thumb_37d18082.webp', 'lat': 38.63467822222222, 'lng': 34.93563936111111, 'caption': '', 'is_primary': False, 'media_type': 'panorama', 'uploaded_at': datetime.datetime(2025, 9, 12, 13, 52, 12, 927115)})
    📁 Original file path: poi_media/by_route_id/route_164_Yeni_Rota_2/images/37d18082.webp
    📁 Filename: 37d18082.webp
    📁 File stem: 37d18082
    📁 Route folder name: route_164_Yeni_Rota_2
    🔍 Looking for thumbnail: poi_media/thumbnails/by_route_id/route_164_Yeni_Rota_2/images/thumb_37d18082.webp
    ✅ Thumbnail found: poi_media/thumbnails/by_route_id/route_164_Yeni_Rota_2/images/thumb_37d18082.webp
    🔍 Looking for preview: poi_media/previews/by_route_id/route_164_Yeni_Rota_2/images/preview_37d18082.webp
✅ Database connection established
📊 Database query returned 4 records
✅ Found media in database, processing...
  📋 Processing database record: RealDictRow({'id': 378, 'route_id': 153, 'file_path': 'poi_media/by_panorama/images/a92b1d4f.webp', 'thumbnail_path': 'poi_media/previews/by_panorama/images/thumb_a92b1d4f.webp', 'preview_path': 'poi_media/previews/by_panorama/images/thumb_a92b1d4f.webp', 'lat': 38.55853044444444, 'lng': 34.98415477777778, 'caption': '', 'is_primary': False, 'media_type': 'image', 'uploaded_at': datetime.datetime(2025, 9, 11, 15, 54, 4, 141411)})
    📁 Original file path: poi_media/by_panorama/images/a92b1d4f.webp
    📁 Filename: a92b1d4f.webp
    📁 File stem: a92b1d4f
    🔍 No route folder name, checking original file: poi_media/by_panorama/images/a92b1d4f.webp
    ✅ Thumbnail found: poi_media/thumbnails/by_route_id/route_155_18_Ağu_2025_17:14:55/images/thumb_801ffc2d.webp
    🔍 Looking for preview: poi_media/previews/by_route_id/route_155_18_Ağu_2025_17:14:55/images/preview_801ffc2d.webp
    ✅ Preview found: poi_media/previews/by_route_id/route_155_18_Ağu_2025_17:14:55/images/preview_801ffc2d.webp
    ✅ Using WebP file: poi_media/previews/by_route_id/route_155_18_Ağu_2025_17:14:55/images/preview_801ffc2d.webp
    ✅ Adding media with file: poi_media/previews/by_route_id/route_155_18_Ağu_2025_17:14:55/images/preview_801ffc2d.webp
✅ Database connection established
✅ Database connection established
    ✅ Original file exists: poi_media/by_panorama/images/a92b1d4f.webp
    ✅ Adding media with file: poi_media/by_panorama/images/a92b1d4f.webp
📊 Database query returned 0 records
⚠️ No media found in database, falling back to filesystem...
🔍 Database returned no results, falling back to filesystem...
✅ Base route directory found: poi_media/by_route_id
    ✅ Preview found: poi_media/previews/by_route_id/route_164_Yeni_Rota_2/images/preview_37d18082.webp
    ✅ Using WebP file: poi_media/previews/by_route_id/route_164_Yeni_Rota_2/images/preview_37d18082.webp
    ✅ Adding media with file: poi_media/previews/by_route_id/route_164_Yeni_Rota_2/images/preview_37d18082.webp
✅ Returning 1 media items from database
🔍 Checking for additional files not in database (previews + originals)...
📁 Checking for additional files in route folder: route_164_Yeni_Rota_2
🚀 get_route_media called for route_id: 147
🔍 Attempting database lookup...
📡 Using connection string: postgresql://poi_user:poi_password@localhost/poi_d...
🚀 get_route_media called for route_id: 158
🔍 Attempting database lookup...
📡 Using connection string: postgresql://poi_user:poi_password@localhost/poi_d...
📊 Total media files found in filesystem: 0
🔍 No media found in main directories, checking WebP files...
📊 Final total media files: 0
📊 Database query returned 0 records
⚠️ No media found in database, falling back to filesystem...
🔍 Database returned no results, falling back to filesystem...
✅ Base route directory found: poi_media/by_route_id
  📋 Processing database record: RealDictRow({'id': 49, 'route_id': 153, 'file_path': 'poi_media/previews/by_route_id/route_153_Wikiloc_-_Karlık_-_Avla_Dağ_-_Upper_Kurtdere/images/preview_1503919453408-9ee4386d-5cd0-474f-b43a-6dcc5c8cecc4_.webp', 'thumbnail_path': None, 'preview_path': None, 'lat': 38.556714038726916, 'lng': 34.98297996295151, 'caption': 'Test caption update', 'is_primary': False, 'media_type': 'image', 'uploaded_at': datetime.datetime(2025, 8, 20, 1, 55, 22, 544282)})
    📁 Original file path: poi_media/previews/by_route_id/route_153_Wikiloc_-_Karlık_-_Avla_Dağ_-_Upper_Kurtdere/images/preview_1503919453408-9ee4386d-5cd0-474f-b43a-6dcc5c8cecc4_.webp
    📁 Filename: preview_1503919453408-9ee4386d-5cd0-474f-b43a-6dcc5c8cecc4_.webp
    📁 File stem: preview_1503919453408-9ee4386d-5cd0-474f-b43a-6dcc5c8cecc4_
    📁 Route folder name: route_153_Wikiloc_-_Karlık_-_Avla_Dağ_-_Upper_Kurtdere
    🔍 Looking for thumbnail: poi_media/thumbnails/by_route_id/route_153_Wikiloc_-_Karlık_-_Avla_Dağ_-_Upper_Kurtdere/images/thumb_preview_1503919453408-9ee4386d-5cd0-474f-b43a-6dcc5c8cecc4_.webp
    ❌ Thumbnail not found: poi_media/thumbnails/by_route_id/route_153_Wikiloc_-_Karlık_-_Avla_Dağ_-_Upper_Kurtdere/images/thumb_preview_1503919453408-9ee4386d-5cd0-474f-b43a-6dcc5c8cecc4_.webp
INFO:werkzeug:172.19.0.5 - - [12/Sep/2025 13:52:38] "GET /api/admin/routes/3/media HTTP/1.1" 200 -
INFO:werkzeug:172.19.0.5 - - [12/Sep/2025 13:52:38] "GET /api/admin/routes/1/media HTTP/1.1" 200 -
INFO:werkzeug:172.19.0.5 - - [12/Sep/2025 13:52:38] "GET /api/routes/146/geometry HTTP/1.1" 200 -
INFO:werkzeug:172.19.0.5 - - [12/Sep/2025 13:52:38] "GET /api/admin/routes/145/media HTTP/1.1" 200 -
INFO:werkzeug:172.19.0.5 - - [12/Sep/2025 13:52:38] "GET /api/admin/routes/152/media HTTP/1.1" 200 -
INFO:werkzeug:172.19.0.5 - - [12/Sep/2025 13:52:38] "GET /api/routes/147/geometry HTTP/1.1" 200 -
INFO:werkzeug:172.19.0.5 - - [12/Sep/2025 13:52:38] "GET /api/routes/144/geometry HTTP/1.1" 200 -
    🔍 Looking for preview: poi_media/previews/by_route_id/route_153_Wikiloc_-_Karlık_-_Avla_Dağ_-_Upper_Kurtdere/images/preview_preview_1503919453408-9ee4386d-5cd0-474f-b43a-6dcc5c8cecc4_.webp
📊 Database query returned 36 records
✅ Found media in database, processing...
  📋 Processing database record: RealDictRow({'id': 374, 'route_id': 158, 'file_path': 'poi_media/by_route_id/route_158__golgoli_tepesi/images/d6d42451.webp', 'thumbnail_path': None, 'preview_path': None, 'lat': 38.54530069972222, 'lng': 34.87720649972222, 'caption': '', 'is_primary': False, 'media_type': 'image', 'uploaded_at': datetime.datetime(2025, 8, 28, 0, 27, 18, 357302)})
    📁 Original file path: poi_media/by_route_id/route_158__golgoli_tepesi/images/d6d42451.webp
    📁 Filename: d6d42451.webp
    📁 File stem: d6d42451
    📁 Route folder name: route_158__golgoli_tepesi
    🔍 Looking for thumbnail: poi_media/thumbnails/by_route_id/route_158__golgoli_tepesi/images/thumb_d6d42451.webp
    ❌ Preview not found: poi_media/previews/by_route_id/route_153_Wikiloc_-_Karlık_-_Avla_Dağ_-_Upper_Kurtdere/images/preview_preview_1503919453408-9ee4386d-5cd0-474f-b43a-6dcc5c8cecc4_.webp
    🔍 Checking original file path: poi_media/previews/by_route_id/route_153_Wikiloc_-_Karlık_-_Avla_Dağ_-_Upper_Kurtdere/images/preview_1503919453408-9ee4386d-5cd0-474f-b43a-6dcc5c8cecc4_.webp
    ✅ Original file exists: poi_media/previews/by_route_id/route_153_Wikiloc_-_Karlık_-_Avla_Dağ_-_Upper_Kurtdere/images/preview_1503919453408-9ee4386d-5cd0-474f-b43a-6dcc5c8cecc4_.webp
    ✅ Adding media with file: poi_media/previews/by_route_id/route_153_Wikiloc_-_Karlık_-_Avla_Dağ_-_Upper_Kurtdere/images/preview_1503919453408-9ee4386d-5cd0-474f-b43a-6dcc5c8cecc4_.webp
📊 Database query returned 0 records
⚠️ No media found in database, falling back to filesystem...
🔍 Database returned no results, falling back to filesystem...
✅ Base route directory found: poi_media/by_route_id
📊 Total media files found in filesystem: 0
🔍 No media found in main directories, checking WebP files...
📊 Final total media files: 0
    ✅ Thumbnail found: poi_media/thumbnails/by_route_id/route_158__golgoli_tepesi/images/thumb_d6d42451.webp
    🔍 Looking for preview: poi_media/previews/by_route_id/route_158__golgoli_tepesi/images/preview_d6d42451.webp
    ✅ Preview found: poi_media/previews/by_route_id/route_158__golgoli_tepesi/images/preview_d6d42451.webp
    ✅ Using WebP file: poi_media/previews/by_route_id/route_158__golgoli_tepesi/images/preview_d6d42451.webp
    ✅ Adding media with file: poi_media/previews/by_route_id/route_158__golgoli_tepesi/images/preview_d6d42451.webp
✅ Database connection established
  📋 Processing database record: RealDictRow({'id': 8, 'route_id': 153, 'file_path': 'poi_media/by_route_id/route_153_Wikiloc_-_Karlık_-_Avla_Dağ_-_Upper_Kurtdere/images/ChatGPT_Image_16_Haz_2025_21_36_16.png', 'thumbnail_path': 'poi_media/thumbnails/by_route_id/route_153_Wikiloc_-_Karlık_-_Avla_Dağ_-_Upper_Kurtdere/images/thumb_ChatGPT_Image_16_Haz_2025_21_36_16.webp', 'preview_path': 'poi_media/previews/by_route_id/route_153_Wikiloc_-_Karlık_-_Avla_Dağ_-_Upper_Kurtdere/images/preview_ChatGPT_Image_16_Haz_2025_21_36_16.webp', 'lat': 38.55930820730724, 'lng': 34.98323229680564, 'caption': 'ChatGPT Generated Image', 'is_primary': False, 'media_type': 'image', 'uploaded_at': datetime.datetime(2025, 8, 19, 22, 12)})
    📁 Original file path: poi_media/by_route_id/route_153_Wikiloc_-_Karlık_-_Avla_Dağ_-_Upper_Kurtdere/images/ChatGPT_Image_16_Haz_2025_21_36_16.png
    📁 Filename: ChatGPT_Image_16_Haz_2025_21_36_16.png
    📁 File stem: ChatGPT_Image_16_Haz_2025_21_36_16
    📁 Route folder name: route_153_Wikiloc_-_Karlık_-_Avla_Dağ_-_Upper_Kurtdere
    🔍 Looking for thumbnail: poi_media/thumbnails/by_route_id/route_153_Wikiloc_-_Karlık_-_Avla_Dağ_-_Upper_Kurtdere/images/thumb_ChatGPT_Image_16_Haz_2025_21_36_16.webp
📊 Database query returned 0 records
⚠️ No media found in database, falling back to filesystem...
🔍 Database returned no results, falling back to filesystem...
🚀 get_route_media called for route_id: 154
🔍 Attempting database lookup...
📡 Using connection string: postgresql://poi_user:poi_password@localhost/poi_d...
✅ Database connection established
    ❌ Thumbnail not found: poi_media/thumbnails/by_route_id/route_153_Wikiloc_-_Karlık_-_Avla_Dağ_-_Upper_Kurtdere/images/thumb_ChatGPT_Image_16_Haz_2025_21_36_16.webp
    🔍 Looking for preview: poi_media/previews/by_route_id/route_153_Wikiloc_-_Karlık_-_Avla_Dağ_-_Upper_Kurtdere/images/preview_ChatGPT_Image_16_Haz_2025_21_36_16.webp
    ❌ Preview not found: poi_media/previews/by_route_id/route_153_Wikiloc_-_Karlık_-_Avla_Dağ_-_Upper_Kurtdere/images/preview_ChatGPT_Image_16_Haz_2025_21_36_16.webp
    🔍 Checking original file path: poi_media/by_route_id/route_153_Wikiloc_-_Karlık_-_Avla_Dağ_-_Upper_Kurtdere/images/ChatGPT_Image_16_Haz_2025_21_36_16.png
    ❌ Original file not found: poi_media/by_route_id/route_153_Wikiloc_-_Karlık_-_Avla_Dağ_-_Upper_Kurtdere/images/ChatGPT_Image_16_Haz_2025_21_36_16.png
    ❌ No valid file found for this record
  📋 Processing database record: RealDictRow({'id': 4, 'route_id': 153, 'file_path': 'poi_media/by_route_id/route_153_Wikiloc_-_Karlık_-_Avla_Dağ_-_Upper_Kurtdere/images/CDNz99-WEAAcja3.jpg', 'thumbnail_path': 'poi_media/thumbnails/by_route_id/route_153_Wikiloc_-_Karlık_-_Avla_Dağ_-_Upper_Kurtdere/images/thumb_CDNz99-WEAAcja3.webp', 'preview_path': 'poi_media/previews/by_route_id/route_153_Wikiloc_-_Karlık_-_Avla_Dağ_-_Upper_Kurtdere/images/preview_CDNz99-WEAAcja3.webp', 'lat': 38.55930820730724, 'lng': 34.98323229680564, 'caption': '', 'is_primary': False, 'media_type': 'image', 'uploaded_at': datetime.datetime(2025, 8, 19, 1, 34, 29, 640356)})
    📁 Original file path: poi_media/by_route_id/route_153_Wikiloc_-_Karlık_-_Avla_Dağ_-_Upper_Kurtdere/images/CDNz99-WEAAcja3.jpg
    📁 Filename: CDNz99-WEAAcja3.jpg
                                                                                                                                                                                                                                                                                                                                                                                                                                                                                                                                                                                                                                                                                                                                                                                                                                                                                                                                                                                                                                                                                                                                                                                                                                                                                                                                                                                                                                                                                                                                                  ][ae_liveview_local_histogram:                                                                                                                                        b    n�    p�%        ��2    qH    K�T    ��T    �CV    �.�0    9�*    "(�;    C<!/    OU�    bM��    �CA�    R1��    �X�    �-��    �Nd�    4O=�    9H��    x<U�    V@��    �e�    �TT�    v�Nt    �~Dz    �]��    Xe��    �]�    �CƲ    �K��    �q��    �tN�    ��?-    ^�1N    a��v    *}`�    ch|�    �g��    �pՉ    It�    �W/�    ���]    �8�    �C��    �p��    Ŗ�f    #ܛ#    ���    ��8    �f��    Y\� INFO:werkzeug:172.19.0.5 - - [12/Sep/2025 13:52:38] "GET /api/panoramas HTTP/1.1" 200 -
INFO:werkzeug:172.19.0.5 - - [12/Sep/2025 13:52:38] "GET /api/admin/routes/147/media HTTP/1.1" 200 -
INFO:werkzeug:172.19.0.5 - - [12/Sep/2025 13:52:38] "GET /api/admin/routes/164/media HTTP/1.1" 200 -
INFO:werkzeug:172.19.0.5 - - [12/Sep/2025 13:52:38] "GET /api/admin/routes/153/media HTTP/1.1" 200 -
INFO:werkzeug:172.19.0.5 - - [12/Sep/2025 13:52:38] "GET /api/admin/routes/155/media HTTP/1.1" 200 -
    📁 File stem: CDNz99-WEAAcja3
    📁 Route folder name: route_153_Wikiloc_-_Karlık_-_Avla_Dağ_-_Upper_Kurtdere
    🔍 Looking for thumbnail: poi_media/thumbnails/by_route_id/route_153_Wikiloc_-_Karlık_-_Avla_Dağ_-_Upper_Kurtdere/images/thumb_CDNz99-WEAAcja3.webp
📊 Database query returned 0 records
⚠️ No media found in database, falling back to filesystem...
    ❌ Thumbnail not found: poi_media/thumbnails/by_route_id/route_153_Wikiloc_-_Karlık_-_Avla_Dağ_-_Upper_Kurtdere/images/thumb_CDNz99-WEAAcja3.webp
    🔍 Looking for preview: poi_media/previews/by_route_id/route_153_Wikiloc_-_Karlık_-_Avla_Dağ_-_Upper_Kurtdere/images/preview_CDNz99-WEAAcja3.webp
  📋 Processing database record: RealDictRow({'id': 372, 'route_id': 158, 'file_path': 'poi_media/by_route_id/route_158__golgoli_tepesi/images/331dd1f1.webp', 'thumbnail_path': None, 'preview_path': None, 'lat': 38.54248179972222, 'lng': 34.88346359972222, 'caption': '', 'is_primary': False, 'media_type': 'image', 'uploaded_at': datetime.datetime(2025, 8, 28, 0, 27, 17, 539919)})
    📁 Original file path: poi_media/by_route_id/route_158__golgoli_tepesi/images/331dd1f1.webp
    📁 Filename: 331dd1f1.webp
    📁 File stem: 331dd1f1
    📁 Route folder name: route_158__golgoli_tepesi
    🔍 Looking for thumbnail: poi_media/thumbnails/by_route_id/route_158__golgoli_tepesi/images/thumb_331dd1f1.webp
    ❌ Preview not found: poi_media/previews/by_route_id/route_153_Wikiloc_-_Karlık_-_Avla_Dağ_-_Upper_Kurtdere/images/preview_CDNz99-WEAAcja3.webp
    🔍 Checking original file path: poi_media/by_route_id/route_153_Wikiloc_-_Karlık_-_Avla_Dağ_-_Upper_Kurtdere/images/CDNz99-WEAAcja3.jpg
    ❌ Original file not found: poi_media/by_route_id/route_153_Wikiloc_-_Karlık_-_Avla_Dağ_-_Upper_Kurtdere/images/CDNz99-WEAAcja3.jpg
    ❌ No valid file found for this record
✅ Returning 2 media items from database
🔍 Checking for additional files not in database (previews + originals)...
🔍 Database returned no results, falling back to filesystem...
    ✅ Thumbnail found: poi_media/thumbnails/by_route_id/route_158__golgoli_tepesi/images/thumb_331dd1f1.webp
    🔍 Looking for preview: poi_media/previews/by_route_id/route_158__golgoli_tepesi/images/preview_331dd1f1.webp
    ✅ Preview found: poi_media/previews/by_route_id/route_158__golgoli_tepesi/images/preview_331dd1f1.webp
    ✅ Using WebP file: poi_media/previews/by_route_id/route_158__golgoli_tepesi/images/preview_331dd1f1.webp
    ✅ Adding media with file: poi_media/previews/by_route_id/route_158__golgoli_tepesi/images/preview_331dd1f1.webp
✅ Base route directory found: poi_media/by_route_id
📊 Total media files found in filesystem: 0
🔍 No media found in main directories, checking WebP files...
📊 Total media files found in filesystem: 0
🔍 No media found in main directories, checking WebP files...
  📋 Processing database record: RealDictRow({'id': 370, 'route_id': 158, 'file_path': 'poi_media/by_route_id/route_158__golgoli_tepesi/images/b5c6d6a9.webp', 'thumbnail_path': None, 'preview_path': None, 'lat': 38.54248179972222, 'lng': 34.88346359972222, 'caption': '', 'is_primary': False, 'media_type': 'image', 'uploaded_at': datetime.datetime(2025, 8, 28, 0, 27, 16, 733391)})
    📁 Original file path: poi_media/by_route_id/route_158__golgoli_tepesi/images/b5c6d6a9.webp
    📁 Filename: b5c6d6a9.webp
    📁 File stem: b5c6d6a9
    📁 Route folder name: route_158__golgoli_tepesi
    🔍 Looking for thumbnail: poi_media/thumbnails/by_route_id/route_158__golgoli_tepesi/images/thumb_b5c6d6a9.webp
📊 Final total media files: 0
✅ Database connection established
📊 Final total media files: 0
    ✅ Thumbnail found: poi_media/thumbnails/by_route_id/route_158__golgoli_tepesi/images/thumb_b5c6d6a9.webp
    🔍 Looking for preview: poi_media/previews/by_route_id/route_158__golgoli_tepesi/images/preview_b5c6d6a9.webp
    ✅ Preview found: poi_media/previews/by_route_id/route_158__golgoli_tepesi/images/preview_b5c6d6a9.webp
    ✅ Using WebP file: poi_media/previews/by_route_id/route_158__golgoli_tepesi/images/preview_b5c6d6a9.webp
    ✅ Adding media with file: poi_media/previews/by_route_id/route_158__golgoli_tepesi/images/preview_b5c6d6a9.webp
  📋 Processing database record: RealDictRow({'id': 368, 'route_id': 158, 'file_path': 'poi_media/by_route_id/route_158__golgoli_tepesi/images/a8a01de6.webp', 'thumbnail_path': None, 'preview_path': None, 'lat': 38.53862131111111, 'lng': 34.895016525, 'caption': '', 'is_primary': False, 'media_type': 'image', 'uploaded_at': datetime.datetime(2025, 8, 28, 0, 27, 15, 981135)})
    📁 Original file path: poi_media/by_route_id/route_158__golgoli_tepesi/images/a8a01de6.webp
    📁 Filename: a8a01de6.webp
    📁 File stem: a8a01de6
    📁 Route folder name: route_158__golgoli_tepesi
    🔍 Looking for thumbnail: poi_media/thumbnails/by_route_id/route_158__golgoli_tepesi/images/thumb_a8a01de6.webp
📊 Database query returned 4 records
✅ Found media in database, processing...
  📋 Processing database record: RealDictRow({'id': 55, 'route_id': 154, 'file_path': 'poi_media/by_route_id/route_154_Apr_26,_2023_17:05:11/images/390b0942.webp', 'thumbnail_path': None, 'preview_path': None, 'lat': 38.63462849381322, 'lng': 34.867284401200834, 'caption': '', 'is_primary': False, 'media_type': 'image', 'uploaded_at': datetime.datetime(2025, 8, 20, 2, 5, 12, 32622)})
    📁 Original file path: poi_media/by_route_id/route_154_Apr_26,_2023_17:05:11/images/390b0942.webp
    📁 Filename: 390b0942.webp
    📁 File stem: 390b0942
    📁 Route folder name: route_154_Apr_26,_2023_17:05:11
    🔍 Looking for thumbnail: poi_media/thumbnails/by_route_id/route_154_Apr_26,_2023_17:05:11/images/thumb_390b0942.webp
    ✅ Thumbnail found: poi_media/thumbnails/by_route_id/route_158__golgoli_tepesi/images/thumb_a8a01de6.webp
    🔍 Looking for preview: poi_media/previews/by_route_id/route_158__golgoli_tepesi/images/preview_a8a01de6.webp
    ✅ Preview found: poi_media/previews/by_route_id/route_158__golgoli_tepesi/images/preview_a8a01de6.webp
    ✅ Using WebP file: poi_media/previews/by_route_id/route_158__golgoli_tepesi/images/preview_a8a01de6.webp
    ✅ Adding media with file: poi_media/previews/by_route_id/route_158__golgoli_tepesi/images/preview_a8a01de6.webp
    ✅ Thumbnail found: poi_media/thumbnails/by_route_id/route_154_Apr_26,_2023_17:05:11/images/thumb_390b0942.webp
    🔍 Looking for preview: poi_media/previews/by_route_id/route_154_Apr_26,_2023_17:05:11/images/preview_390b0942.webp
    ✅ Preview found: poi_media/previews/by_route_id/route_154_Apr_26,_2023_17:05:11/images/preview_390b0942.webp
    ✅ Using WebP file: poi_media/previews/by_route_id/route_154_Apr_26,_2023_17:05:11/images/preview_390b0942.webp
    ✅ Adding media with file: poi_media/previews/by_route_id/route_154_Apr_26,_2023_17:05:11/images/preview_390b0942.webp
  📋 Processing database record: RealDictRow({'id': 53, 'route_id': 154, 'file_path': 'poi_media/by_route_id/route_154_Apr_26,_2023_17:05:11/images/292dbd74.webp', 'thumbnail_path': None, 'preview_path': None, 'lat': 38.63222266125355, 'lng': 34.9244525811475, 'caption': '', 'is_primary': False, 'media_type': 'image', 'uploaded_at': datetime.datetime(2025, 8, 20, 2, 3, 27, 565497)})
    📁 Original file path: poi_media/by_route_id/route_154_Apr_26,_2023_17:05:11/images/292dbd74.webp
    📁 Filename: 292dbd74.webp
    📁 File stem: 292dbd74
    📁 Route folder name: route_154_Apr_26,_2023_17:05:11
    🔍 Looking for thumbnail: poi_media/thumbnails/by_route_id/route_154_Apr_26,_2023_17:05:11/images/thumb_292dbd74.webp
  📋 Processing database record: RealDictRow({'id': 366, 'route_id': 158, 'file_path': 'poi_media/by_route_id/route_158__golgoli_tepesi/images/a43052c0.webp', 'thumbnail_path': None, 'preview_path': None, 'lat': 38.538645241666664, 'lng': 34.89501679722222, 'caption': '', 'is_primary': False, 'media_type': 'image', 'uploaded_at': datetime.datetime(2025, 8, 28, 0, 27, 15, 39051)})
���:Q��<(>����΁]���Ϯ�l��	����M��/߯��8����#���INFO:werkzeug:172.19.0.5 - - [12/Sep/2025 13:52:38] "GET /api/admin/routes/146/media HTTP/1.1" 200 -
INFO:werkzeug:172.19.0.5 - - [12/Sep/2025 13:52:38] "GET /api/admin/routes/144/media HTTP/1.1" 200 -
    📁 Original file path: poi_media/by_route_id/route_158__golgoli_tepesi/images/a43052c0.webp
    📁 Filename: a43052c0.webp
    📁 File stem: a43052c0
    📁 Route folder name: route_158__golgoli_tepesi
    🔍 Looking for thumbnail: poi_media/thumbnails/by_route_id/route_158__golgoli_tepesi/images/thumb_a43052c0.webp
    ✅ Thumbnail found: poi_media/thumbnails/by_route_id/route_158__golgoli_tepesi/images/thumb_a43052c0.webp
    🔍 Looking for preview: poi_media/previews/by_route_id/route_158__golgoli_tepesi/images/preview_a43052c0.webp
    ✅ Preview found: poi_media/previews/by_route_id/route_158__golgoli_tepesi/images/preview_a43052c0.webp
    ✅ Using WebP file: poi_media/previews/by_route_id/route_158__golgoli_tepesi/images/preview_a43052c0.webp
    ✅ Adding media with file: poi_media/previews/by_route_id/route_158__golgoli_tepesi/images/preview_a43052c0.webp
  📋 Processing database record: RealDictRow({'id': 364, 'route_id': 158, 'file_path': 'poi_media/by_route_id/route_158__golgoli_tepesi/images/7930e630.webp', 'thumbnail_path': None, 'preview_path': None, 'lat': 38.53862591944444, 'lng': 34.89478992777778, 'caption': '', 'is_primary': False, 'media_type': 'image', 'uploaded_at': datetime.datetime(2025, 8, 28, 0, 27, 14, 81559)})
    📁 Original file path: poi_media/by_route_id/route_158__golgoli_tepesi/images/7930e630.webp
    📁 Filename: 7930e630.webp
    📁 File stem: 7930e630
    📁 Route folder name: route_158__golgoli_tepesi
    🔍 Looking for thumbnail: poi_media/thumbnails/by_route_id/route_158__golgoli_tepesi/images/thumb_7930e630.webp
  📋 Processing database record: RealDictRow({'id': 6, 'route_id': 154, 'file_path': 'poi_media/by_route_id/route_154_Apr_26,_2023_17:05:11/images/CDNz99-WEAAcja3.jpg', 'thumbnail_path': 'poi_media/thumbnails/by_route_id/route_154_Apr_26,_2023_17:05:11/images/thumb_CDNz99-WEAAcja3.webp', 'preview_path': 'poi_media/previews/by_route_id/route_154_Apr_26,_2023_17:05:11/images/preview_CDNz99-WEAAcja3.webp', 'lat': 38.987654, 'lng': 34.987654, 'caption': '', 'is_primary': False, 'media_type': 'image', 'uploaded_at': datetime.datetime(2025, 8, 19, 1, 19, 11, 935472)})
    📁 Original file path: poi_media/by_route_id/route_154_Apr_26,_2023_17:05:11/images/CDNz99-WEAAcja3.jpg
    📁 Filename: CDNz99-WEAAcja3.jpg
    📁 File stem: CDNz99-WEAAcja3
    📁 Route folder name: route_154_Apr_26,_2023_17:05:11
    🔍 Looking for thumbnail: poi_media/thumbnails/by_route_id/route_154_Apr_26,_2023_17:05:11/images/thumb_CDNz99-WEAAcja3.webp
    ❌ Thumbnail not found: poi_media/thumbnails/by_route_id/route_154_Apr_26,_2023_17:05:11/images/thumb_CDNz99-WEAAcja3.webp
    🔍 Looking for preview: poi_media/previews/by_route_id/route_154_Apr_26,_2023_17:05:11/images/preview_CDNz99-WEAAcja3.webp
    ❌ Preview not found: poi_media/previews/by_route_id/route_154_Apr_26,_2023_17:05:11/images/preview_CDNz99-WEAAcja3.webp
    🔍 Checking original file path: poi_media/by_route_id/route_154_Apr_26,_2023_17:05:11/images/CDNz99-WEAAcja3.jpg
    ✅ Thumbnail found: poi_media/thumbnails/by_route_id/route_158__golgoli_tepesi/images/thumb_7930e630.webp
    🔍 Looking for preview: poi_media/previews/by_route_id/route_158__golgoli_tepesi/images/preview_7930e630.webp
    ✅ Preview found: poi_media/previews/by_route_id/route_158__golgoli_tepesi/images/preview_7930e630.webp
    ✅ Using WebP file: poi_media/previews/by_route_id/route_158__golgoli_tepesi/images/preview_7930e630.webp
    ✅ Adding media with file: poi_media/previews/by_route_id/route_158__golgoli_tepesi/images/preview_7930e630.webp
    ❌ Original file not found: poi_media/by_route_id/route_154_Apr_26,_2023_17:05:11/images/CDNz99-WEAAcja3.jpg
    ❌ No valid file found for this record
  📋 Processing database record: RealDictRow({'id': 5, 'route_id': 154, 'file_path': 'poi_media/by_route_id/route_154_Apr_26,_2023_17:05:11/images/000_0407.jpg', 'thumbnail_path': 'poi_media/thumbnails/by_route_id/route_154_Apr_26,_2023_17:05:11/images/thumb_000_0407.webp', 'preview_path': 'poi_media/previews/by_route_id/route_154_Apr_26,_2023_17:05:11/images/preview_000_0407.webp', 'lat': 38.62877839670661, 'lng': 34.85194696371255, 'caption': '', 'is_primary': False, 'media_type': 'image', 'uploaded_at': datetime.datetime(2025, 8, 19, 1, 3, 50, 611520)})
    📁 Original file path: poi_media/by_route_id/route_154_Apr_26,_2023_17:05:11/images/000_0407.jpg
    📁 Filename: 000_0407.jpg
    📁 File stem: 000_0407
    📁 Route folder name: route_154_Apr_26,_2023_17:05:11
    🔍 Looking for thumbnail: poi_media/thumbnails/by_route_id/route_154_Apr_26,_2023_17:05:11/images/thumb_000_0407.webp
    ❌ Thumbnail not found: poi_media/thumbnails/by_route_id/route_154_Apr_26,_2023_17:05:11/images/thumb_000_0407.webp
    🔍 Looking for preview: poi_media/previews/by_route_id/route_154_Apr_26,_2023_17:05:11/images/preview_000_0407.webp
    ❌ Preview not found: poi_media/previews/by_route_id/route_154_Apr_26,_2023_17:05:11/images/preview_000_0407.webp
    🔍 Checking original file path: poi_media/by_route_id/route_154_Apr_26,_2023_17:05:11/images/000_0407.jpg
    ❌ Original file not found: poi_media/by_route_id/route_154_Apr_26,_2023_17:05:11/images/000_0407.jpg
    ❌ No valid file found for this record
✅ Returning 2 media items from database
🔍 Checking for additional files not in database (previews + originals)...
📁 Checking for additional files in route folder: route_154_Apr_26,_2023_17:05:11
  📋 Processing database record: RealDictRow({'id': 362, 'route_id': 158, 'file_path': 'poi_media/by_route_id/route_158__golgoli_tepesi/images/310d80c3.webp', 'thumbnail_path': None, 'preview_path': None, 'lat': 38.53861696111111, 'lng': 34.89495395833333, 'caption': '', 'is_primary': False, 'media_type': 'image', 'uploaded_at': datetime.datetime(2025, 8, 28, 0, 27, 13, 108461)})
    📁 Original file path: poi_media/by_route_id/route_158__golgoli_tepesi/images/310d80c3.webp
    📁 Filename: 310d80c3.webp
    📁 File stem: 310d80c3
    📁 Route folder name: route_158__golgoli_tepesi
    🔍 Looking for thumbnail: poi_media/thumbnails/by_route_id/route_158__golgoli_tepesi/images/thumb_310d80c3.webp
    ✅ Thumbnail found: poi_media/thumbnails/by_route_id/route_158__golgoli_tepesi/images/thumb_310d80c3.webp
    🔍 Looking for preview: poi_media/previews/by_route_id/route_158__golgoli_tepesi/images/preview_310d80c3.webp
    ✅ Preview found: poi_media/previews/by_route_id/route_158__golgoli_tepesi/images/preview_310d80c3.webp
    ✅ Using WebP file: poi_media/previews/by_route_id/route_158__golgoli_tepesi/images/preview_310d80c3.webp
    ✅ Adding media with file: poi_media/previews/by_route_id/route_158__golgoli_tepesi/images/preview_310d80c3.webp
  📋 Processing database record: RealDictRow({'id': 360, 'route_id': 158, 'file_path': 'poi_media/by_route_id/route_158__golgoli_tepesi/images/1bebfe28.webp', 'thumbnail_path': None, 'preview_path': None, 'lat': 38.53913848333333, 'lng': 34.893896516666665, 'caption': '', 'is_primary': False, 'media_type': 'image', 'uploaded_at': datetime.datetime(2025, 8, 28, 0, 27, 12, 134366)})
    📁 Original file path: poi_media/by_route_id/route_158__golgoli_tepesi/images/1bebfe28.webp
    📁 Filename: 1bebfe28.webp
    📁 File stem: 1bebfe28
    📁 Route folder name: route_158__golgoli_tepesi
    🔍 Looking for thumbnail: poi_media/thumbnails/by_route_id/route_158__golgoli_tepesi/images/thumb_1bebfe28.webp
|QY/!qcPS�6r�yO(�j��&�Ǐ���[U\������z���p�6N5 �������%�b9z�C7��$��>�؇�C��E�_?л��m�T�>�5�4�$oH��/�;&'!�KD�Èw~�U�^��=�?�:���^�e�b���/�s:�?辄�H�4#��b{��/B��|�~�Q/��>q�~��	Y� ��qp��Tklp�u�/ ����I��?>؏ڂ(1y�dqZ2U�X�� c3P`r  �      @ @`r  @ @`r  �sQ`r  0d3P`r  �j�     0yQ`r  �d3P`r  �d3P`r  0e3P`r  �j�     0yQ`r  �e3P`r  pe3P`r  �e3P`r  p"      D      A�fgr  #�S�KA�F/*.openstreetmap.org https://*.tile.openstreetmap.org https://*.opentopomap.org https://*.basemaps.cartocdn.com https://server.arcgisonline.com https://api.open-elevation.com https://roINFO:werkzeug:172.19.0.5 - - [12/Sep/2025 13:52:38] "GET /api/admin/routes/154/media HTTP/1.1" 200 -
    ✅ Thumbnail found: poi_media/thumbnails/by_route_id/route_158__golgoli_tepesi/images/thumb_1bebfe28.webp
    🔍 Looking for preview: poi_media/previews/by_route_id/route_158__golgoli_tepesi/images/preview_1bebfe28.webp
    ✅ Preview found: poi_media/previews/by_route_id/route_158__golgoli_tepesi/images/preview_1bebfe28.webp
    ✅ Using WebP file: poi_media/previews/by_route_id/route_158__golgoli_tepesi/images/preview_1bebfe28.webp
    ✅ Adding media with file: poi_media/previews/by_route_id/route_158__golgoli_tepesi/images/preview_1bebfe28.webp
  📋 Processing database record: RealDictRow({'id': 358, 'route_id': 158, 'file_path': 'poi_media/by_route_id/route_158__golgoli_tepesi/images/bac79ed9.webp', 'thumbnail_path': None, 'preview_path': None, 'lat': 38.539151563888886, 'lng': 34.893660552777774, 'caption': '', 'is_primary': False, 'media_type': 'image', 'uploaded_at': datetime.datetime(2025, 8, 28, 0, 27, 11, 344634)})
    📁 Original file path: poi_media/by_route_id/route_158__golgoli_tepesi/images/bac79ed9.webp
    📁 Filename: bac79ed9.webp
    📁 File stem: bac79ed9
    📁 Route folder name: route_158__golgoli_tepesi
    🔍 Looking for thumbnail: poi_media/thumbnails/by_route_id/route_158__golgoli_tepesi/images/thumb_bac79ed9.webp
    ✅ Thumbnail found: poi_media/thumbnails/by_route_id/route_158__golgoli_tepesi/images/thumb_bac79ed9.webp
    🔍 Looking for preview: poi_media/previews/by_route_id/route_158__golgoli_tepesi/images/preview_bac79ed9.webp
    ✅ Preview found: poi_media/previews/by_route_id/route_158__golgoli_tepesi/images/preview_bac79ed9.webp
    ✅ Using WebP file: poi_media/previews/by_route_id/route_158__golgoli_tepesi/images/preview_bac79ed9.webp
    ✅ Adding media with file: poi_media/previews/by_route_id/route_158__golgoli_tepesi/images/preview_bac79ed9.webp
  📋 Processing database record: RealDictRow({'id': 356, 'route_id': 158, 'file_path': 'poi_media/by_route_id/route_158__golgoli_tepesi/images/4680ae8e.webp', 'thumbnail_path': None, 'preview_path': None, 'lat': 38.53919006666666, 'lng': 34.893344641666665, 'caption': '', 'is_primary': False, 'media_type': 'image', 'uploaded_at': datetime.datetime(2025, 8, 28, 0, 27, 10, 537147)})
    📁 Original file path: poi_media/by_route_id/route_158__golgoli_tepesi/images/4680ae8e.webp
    📁 Filename: 4680ae8e.webp
    📁 File stem: 4680ae8e
    📁 Route folder name: route_158__golgoli_tepesi
    🔍 Looking for thumbnail: poi_media/thumbnails/by_route_id/route_158__golgoli_tepesi/images/thumb_4680ae8e.webp
    ✅ Thumbnail found: poi_media/thumbnails/by_route_id/route_158__golgoli_tepesi/images/thumb_4680ae8e.webp
    🔍 Looking for preview: poi_media/previews/by_route_id/route_158__golgoli_tepesi/images/preview_4680ae8e.webp
    ✅ Preview found: poi_media/previews/by_route_id/route_158__golgoli_tepesi/images/preview_4680ae8e.webp
    ✅ Using WebP file: poi_media/previews/by_route_id/route_158__golgoli_tepesi/images/preview_4680ae8e.webp
    ✅ Adding media with file: poi_media/previews/by_route_id/route_158__golgoli_tepesi/images/preview_4680ae8e.webp
  📋 Processing database record: RealDictRow({'id': 354, 'route_id': 158, 'file_path': 'poi_media/by_route_id/route_158__golgoli_tepesi/images/5754deaa.webp', 'thumbnail_path': None, 'preview_path': None, 'lat': 38.539078177777775, 'lng': 34.89315549444444, 'caption': '', 'is_primary': False, 'media_type': 'image', 'uploaded_at': datetime.datetime(2025, 8, 28, 0, 27, 9, 658760)})
    📁 Original file path: poi_media/by_route_id/route_158__golgoli_tepesi/images/5754deaa.webp
    📁 Filename: 5754deaa.webp
    📁 File stem: 5754deaa
    📁 Route folder name: route_158__golgoli_tepesi
    🔍 Looking for thumbnail: poi_media/thumbnails/by_route_id/route_158__golgoli_tepesi/images/thumb_5754deaa.webp
    ✅ Thumbnail found: poi_media/thumbnails/by_route_id/route_158__golgoli_tepesi/images/thumb_5754deaa.webp
    🔍 Looking for preview: poi_media/previews/by_route_id/route_158__golgoli_tepesi/images/preview_5754deaa.webp
    ✅ Preview found: poi_media/previews/by_route_id/route_158__golgoli_tepesi/images/preview_5754deaa.webp
    ✅ Using WebP file: poi_media/previews/by_route_id/route_158__golgoli_tepesi/images/preview_5754deaa.webp
    ✅ Adding media with file: poi_media/previews/by_route_id/route_158__golgoli_tepesi/images/preview_5754deaa.webp
  📋 Processing database record: RealDictRow({'id': 352, 'route_id': 158, 'file_path': 'poi_media/by_route_id/route_158__golgoli_tepesi/images/d1445921.webp', 'thumbnail_path': None, 'preview_path': None, 'lat': 38.5390741, 'lng': 34.893140199722225, 'caption': '', 'is_primary': False, 'media_type': 'image', 'uploaded_at': datetime.datetime(2025, 8, 28, 0, 27, 8, 765538)})
    📁 Original file path: poi_media/by_route_id/route_158__golgoli_tepesi/images/d1445921.webp
    📁 Filename: d1445921.webp
    📁 File stem: d1445921
    📁 Route folder name: route_158__golgoli_tepesi
    🔍 Looking for thumbnail: poi_media/thumbnails/by_route_id/route_158__golgoli_tepesi/images/thumb_d1445921.webp
    ✅ Thumbnail found: poi_media/thumbnails/by_route_id/route_158__golgoli_tepesi/images/thumb_d1445921.webp
    🔍 Looking for preview: poi_media/previews/by_route_id/route_158__golgoli_tepesi/images/preview_d1445921.webp
    ✅ Preview found: poi_media/previews/by_route_id/route_158__golgoli_tepesi/images/preview_d1445921.webp
    ✅ Using WebP file: poi_media/previews/by_route_id/route_158__golgoli_tepesi/images/preview_d1445921.webp
    ✅ Adding media with file: poi_media/previews/by_route_id/route_158__golgoli_tepesi/images/preview_d1445921.webp
  📋 Processing database record: RealDictRow({'id': 350, 'route_id': 158, 'file_path': 'poi_media/by_route_id/route_158__golgoli_tepesi/images/3ed83270.webp', 'thumbnail_path': None, 'preview_path': None, 'lat': 38.539070599999995, 'lng': 34.893146199722224, 'caption': '', 'is_primary': False, 'media_type': 'image', 'uploaded_at': datetime.datetime(2025, 8, 28, 0, 27, 7, 779376)})
    📁 Original file path: poi_media/by_route_id/route_158__golgoli_tepesi/images/3ed83270.webp
    📁 Filename: 3ed83270.webp
    📁 File stem: 3ed83270
    📁 Route folder name: route_158__golgoli_tepesi
    🔍 Looking for thumbnail: poi_media/thumbnails/by_route_id/route_158__golgoli_tepesi/images/thumb_3ed83270.webp
    ✅ Thumbnail found: poi_media/thumbnails/by_route_id/route_158__golgoli_tepesi/images/thumb_3ed83270.webp
    🔍 Looking for preview: poi_media/previews/by_route_id/route_158__golgoli_tepesi/images/preview_3ed83270.webp
    ✅ Preview found: poi_media/previews/by_route_id/route_158__golgoli_tepesi/images/preview_3ed83270.webp
    ✅ Using WebP file: poi_media/previews/by_route_id/route_158__golgoli_tepesi/images/preview_3ed83270.webp
    ✅ Adding media with file: poi_media/previews/by_route_id/route_158__golgoli_tepesi/images/preview_3ed83270.webp
  📋 Processing database record: RealDictRow({'id': 348, 'route_id': 158, 'file_path': 'poi_media/by_route_id/route_158__golgoli_tepesi/images/4a052c7f.webp', 'thumbnail_path': None, 'preview_path': None, 'lat': 38.53907749972222, 'lng': 34.893141899999996, 'caption': '', 'is_primary': False, 'media_type': 'image', 'uploaded_at': datetime.datetime(2025, 8, 28, 0, 27, 6, 854489)})
    📁 Original file path: poi_media/by_route_id/route_158__golgoli_tepesi/images/4a052c7f.webp
    📁 Filename: 4a052c7f.webp
    📁 File stem: 4a052c7f
    📁 Route folder name: route_158__golgoli_tepesi
    🔍 Looking for thumbnail: poi_media/thumbnails/by_route_id/route_158__golgoli_tepesi/images/thumb_4a052c7f.webp
    ✅ Thumbnail found: poi_media/thumbnails/by_route_id/route_158__golgoli_tepesi/images/thumb_4a052c7f.webp
    🔍 Looking for preview: poi_media/previews/by_route_id/route_158__golgoli_tepesi/images/preview_4a052c7f.webp
    ✅ Preview found: poi_media/previews/by_route_id/route_158__golgoli_tepesi/images/preview_4a052c7f.webp
X3P`r  pX3P`r  �X3P`r  �j�     0yQ`r  pY3P`r  0Y3P`r  �Y3P`r  �    ✅ Using WebP file: poi_media/previews/by_route_id/route_158__golgoli_tepesi/images/preview_4a052c7f.webp
    ✅ Adding media with file: poi_media/previews/by_route_id/route_158__golgoli_tepesi/images/preview_4a052c7f.webp
  📋 Processing database record: RealDictRow({'id': 346, 'route_id': 158, 'file_path': 'poi_media/by_route_id/route_158__golgoli_tepesi/images/ef51d291.webp', 'thumbnail_path': None, 'preview_path': None, 'lat': 38.53907699972222, 'lng': 34.893143799722225, 'caption': '', 'is_primary': False, 'media_type': 'image', 'uploaded_at': datetime.datetime(2025, 8, 28, 0, 27, 5, 911658)})
    📁 Original file path: poi_media/by_route_id/route_158__golgoli_tepesi/images/ef51d291.webp
    📁 Filename: ef51d291.webp
    📁 File stem: ef51d291
    📁 Route folder name: route_158__golgoli_tepesi
    🔍 Looking for thumbnail: poi_media/thumbnails/by_route_id/route_158__golgoli_tepesi/images/thumb_ef51d291.webp
    ✅ Thumbnail found: poi_media/thumbnails/by_route_id/route_158__golgoli_tepesi/images/thumb_ef51d291.webp
    🔍 Looking for preview: poi_media/previews/by_route_id/route_158__golgoli_tepesi/images/preview_ef51d291.webp
    ✅ Preview found: poi_media/previews/by_route_id/route_158__golgoli_tepesi/images/preview_ef51d291.webp
    ✅ Using WebP file: poi_media/previews/by_route_id/route_158__golgoli_tepesi/images/preview_ef51d291.webp
    ✅ Adding media with file: poi_media/previews/by_route_id/route_158__golgoli_tepesi/images/preview_ef51d291.webp
  📋 Processing database record: RealDictRow({'id': 344, 'route_id': 158, 'file_path': 'poi_media/by_route_id/route_158__golgoli_tepesi/images/31cc54bb.webp', 'thumbnail_path': None, 'preview_path': None, 'lat': 38.5389744, 'lng': 34.893149799999996, 'caption': '', 'is_primary': False, 'media_type': 'image', 'uploaded_at': datetime.datetime(2025, 8, 28, 0, 27, 4, 951126)})
    📁 Original file path: poi_media/by_route_id/route_158__golgoli_tepesi/images/31cc54bb.webp
    📁 Filename: 31cc54bb.webp
    📁 File stem: 31cc54bb
    📁 Route folder name: route_158__golgoli_tepesi
    🔍 Looking for thumbnail: poi_media/thumbnails/by_route_id/route_158__golgoli_tepesi/images/thumb_31cc54bb.webp
    ✅ Thumbnail found: poi_media/thumbnails/by_route_id/route_158__golgoli_tepesi/images/thumb_31cc54bb.webp
    🔍 Looking for preview: poi_media/previews/by_route_id/route_158__golgoli_tepesi/images/preview_31cc54bb.webp
    ✅ Preview found: poi_media/previews/by_route_id/route_158__golgoli_tepesi/images/preview_31cc54bb.webp
    ✅ Using WebP file: poi_media/previews/by_route_id/route_158__golgoli_tepesi/images/preview_31cc54bb.webp
    ✅ Adding media with file: poi_media/previews/by_route_id/route_158__golgoli_tepesi/images/preview_31cc54bb.webp
  📋 Processing database record: RealDictRow({'id': 342, 'route_id': 158, 'file_path': 'poi_media/by_route_id/route_158__golgoli_tepesi/images/76a5c95b.webp', 'thumbnail_path': None, 'preview_path': None, 'lat': 38.5388619, 'lng': 34.89315009972222, 'caption': '', 'is_primary': False, 'media_type': 'image', 'uploaded_at': datetime.datetime(2025, 8, 28, 0, 27, 3, 944943)})
    📁 Original file path: poi_media/by_route_id/route_158__golgoli_tepesi/images/76a5c95b.webp
    📁 Filename: 76a5c95b.webp
    📁 File stem: 76a5c95b
    📁 Route folder name: route_158__golgoli_tepesi
    🔍 Looking for thumbnail: poi_media/thumbnails/by_route_id/route_158__golgoli_tepesi/images/thumb_76a5c95b.webp
    ✅ Thumbnail found: poi_media/thumbnails/by_route_id/route_158__golgoli_tepesi/images/thumb_76a5c95b.webp
    🔍 Looking for preview: poi_media/previews/by_route_id/route_158__golgoli_tepesi/images/preview_76a5c95b.webp
    ✅ Preview found: poi_media/previews/by_route_id/route_158__golgoli_tepesi/images/preview_76a5c95b.webp
    ✅ Using WebP file: poi_media/previews/by_route_id/route_158__golgoli_tepesi/images/preview_76a5c95b.webp
    ✅ Adding media with file: poi_media/previews/by_route_id/route_158__golgoli_tepesi/images/preview_76a5c95b.webp
  📋 Processing database record: RealDictRow({'id': 340, 'route_id': 158, 'file_path': 'poi_media/by_route_id/route_158__golgoli_tepesi/images/03fe9606.webp', 'thumbnail_path': None, 'preview_path': None, 'lat': 38.53880889972222, 'lng': 34.893231899999996, 'caption': '', 'is_primary': False, 'media_type': 'image', 'uploaded_at': datetime.datetime(2025, 8, 28, 0, 27, 3, 94574)})
    📁 Original file path: poi_media/by_route_id/route_158__golgoli_tepesi/images/03fe9606.webp
    📁 Filename: 03fe9606.webp
    📁 File stem: 03fe9606
    📁 Route folder name: route_158__golgoli_tepesi
    🔍 Looking for thumbnail: poi_media/thumbnails/by_route_id/route_158__golgoli_tepesi/images/thumb_03fe9606.webp
    ✅ Thumbnail found: poi_media/thumbnails/by_route_id/route_158__golgoli_tepesi/images/thumb_03fe9606.webp
    🔍 Looking for preview: poi_media/previews/by_route_id/route_158__golgoli_tepesi/images/preview_03fe9606.webp
    ✅ Preview found: poi_media/previews/by_route_id/route_158__golgoli_tepesi/images/preview_03fe9606.webp
    ✅ Using WebP file: poi_media/previews/by_route_id/route_158__golgoli_tepesi/images/preview_03fe9606.webp
    ✅ Adding media with file: poi_media/previews/by_route_id/route_158__golgoli_tepesi/images/preview_03fe9606.webp
  📋 Processing database record: RealDictRow({'id': 338, 'route_id': 158, 'file_path': 'poi_media/by_route_id/route_158__golgoli_tepesi/images/b9220272.webp', 'thumbnail_path': None, 'preview_path': None, 'lat': 38.53886169972222, 'lng': 34.8931491, 'caption': '', 'is_primary': False, 'media_type': 'image', 'uploaded_at': datetime.datetime(2025, 8, 28, 0, 27, 2, 193221)})
    📁 Original file path: poi_media/by_route_id/route_158__golgoli_tepesi/images/b9220272.webp
    📁 Filename: b9220272.webp
    📁 File stem: b9220272
    📁 Route folder name: route_158__golgoli_tepesi
    🔍 Looking for thumbnail: poi_media/thumbnails/by_route_id/route_158__golgoli_tepesi/images/thumb_b9220272.webp
    ✅ Thumbnail found: poi_media/thumbnails/by_route_id/route_158__golgoli_tepesi/images/thumb_b9220272.webp
    🔍 Looking for preview: poi_media/previews/by_route_id/route_158__golgoli_tepesi/images/preview_b9220272.webp
    ✅ Preview found: poi_media/previews/by_route_id/route_158__golgoli_tepesi/images/preview_b9220272.webp
    ✅ Using WebP file: poi_media/previews/by_route_id/route_158__golgoli_tepesi/images/preview_b9220272.webp
    ✅ Adding media with file: poi_media/previews/by_route_id/route_158__golgoli_tepesi/images/preview_b9220272.webp
  📋 Processing database record: RealDictRow({'id': 336, 'route_id': 158, 'file_path': 'poi_media/by_route_id/route_158__golgoli_tepesi/images/34eca8f8.webp', 'thumbnail_path': None, 'preview_path': None, 'lat': 38.5385998, 'lng': 34.893474499999996, 'caption': '', 'is_primary': False, 'media_type': 'image', 'uploaded_at': datetime.datetime(2025, 8, 28, 0, 27, 1, 313085)})
    📁 Original file path: poi_media/by_route_id/route_158__golgoli_tepesi/images/34eca8f8.webp
    📁 Filename: 34eca8f8.webp
    📁 File stem: 34eca8f8
    📁 Route folder name: route_158__golgoli_tepesi
    🔍 Looking for thumbnail: poi_media/thumbnails/by_route_id/route_158__golgoli_tepesi/images/thumb_34eca8f8.webp
    ✅ Thumbnail found: poi_media/thumbnails/by_route_id/route_158__golgoli_tepesi/images/thumb_34eca8f8.webp
    🔍 Looking for preview: poi_media/previews/by_route_id/route_158__golgoli_tepesi/images/preview_34eca8f8.webp
    ✅ Preview found: poi_media/previews/by_route_id/route_158__golgoli_tepesi/images/preview_34eca8f8.webp
    ✅ Using WebP file: poi_media/previews/by_route_id/route_158__golgoli_tepesi/images/preview_34eca8f8.webp
    ✅ Adding media with file: poi_media/previews/by_route_id/route_158__golgoli_tepesi/images/preview_34eca8f8.webp
  📋 Processing database record: RealDictRow({'id': 334, 'route_id': 158, 'file_path': 'poi_media/by_route_id/route_158__golgoli_tepesi/images/497c1ee2.webp', 'thumbnail_path': None, 'preview_path': None, 'lat': 38.538537399999996, 'lng': 34.8934828, 'caption': '', 'is_primary': False, 'media_type': 'image', 'uploaded_at': datetime.datetime(2025, 8, 28, 0, 27, 0, 371739)})
    📁 Original file path: poi_media/by_route_id/route_158__golgoli_tepesi/images/497c1ee2.webp
    📁 Filename: 497c1ee2.webp
    📁 File stem: 497c1ee2
    📁 Route folder name: route_158__golgoli_tepesi
    🔍 Looking for thumbnail: poi_media/thumbnails/by_route_id/route_158__golgoli_tepesi/images/thumb_497c1ee2.webp
    ✅ Thumbnail found: poi_media/thumbnails/by_route_id/route_158__golgoli_tepesi/images/thumb_497c1ee2.webp
    🔍 Looking for preview: poi_media/previews/by_route_id/route_158__golgoli_tepesi/images/preview_497c1ee2.webp
    ✅ Preview found: poi_media/previews/by_route_id/route_158__golgoli_tepesi/images/preview_497c1ee2.webp
    ✅ Using WebP file: poi_media/previews/by_route_id/route_158__golgoli_tepesi/images/preview_497c1ee2.webp
    ✅ Adding media with file: poi_media/previews/by_route_id/route_158__golgoli_tepesi/images/preview_497c1ee2.webp
  📋 Processing database record: RealDictRow({'id': 332, 'route_id': 158, 'file_path': 'poi_media/by_route_id/route_158__golgoli_tepesi/images/8cc5df80.webp', 'thumbnail_path': None, 'preview_path': None, 'lat': 38.5384831, 'lng': 34.893604699722225, 'caption': '', 'is_primary': False, 'media_type': 'image', 'uploaded_at': datetime.datetime(2025, 8, 28, 0, 26, 59, 574912)})
    📁 Original file path: poi_media/by_route_id/route_158__golgoli_tepesi/images/8cc5df80.webp
    📁 Filename: 8cc5df80.webp
    📁 File stem: 8cc5df80
    📁 Route folder name: route_158__golgoli_tepesi
    🔍 Looking for thumbnail: poi_media/thumbnails/by_route_id/route_158__golgoli_tepesi/images/thumb_8cc5df80.webp
    ✅ Thumbnail found: poi_media/thumbnails/by_route_id/route_158__golgoli_tepesi/images/thumb_8cc5df80.webp
    🔍 Looking for preview: poi_media/previews/by_route_id/route_158__golgoli_tepesi/images/preview_8cc5df80.webp
    ✅ Preview found: poi_media/previews/by_route_id/route_158__golgoli_tepesi/images/preview_8cc5df80.webp
    ✅ Using WebP file: poi_media/previews/by_route_id/route_158__golgoli_tepesi/images/preview_8cc5df80.webp
    ✅ Adding media with file: poi_media/previews/by_route_id/route_158__golgoli_tepesi/images/preview_8cc5df80.webp
  📋 Processing database record: RealDictRow({'id': 330, 'route_id': 158, 'file_path': 'poi_media/by_route_id/route_158__golgoli_tepesi/images/8be806db.webp', 'thumbnail_path': None, 'preview_path': None, 'lat': 38.53836119972222, 'lng': 34.893993, 'caption': '', 'is_primary': False, 'media_type': 'image', 'uploaded_at': datetime.datetime(2025, 8, 28, 0, 26, 58, 715598)})
    📁 Original file path: poi_media/by_route_id/route_158__golgoli_tepesi/images/8be806db.webp
    📁 Filename: 8be806db.webp
    📁 File stem: 8be806db
    📁 Route folder name: route_158__golgoli_tepesi
    🔍 Looking for thumbnail: poi_media/thumbnails/by_route_id/route_158__golgoli_tepesi/images/thumb_8be806db.webp
    ✅ Thumbnail found: poi_media/thumbnails/by_route_id/route_158__golgoli_tepesi/images/thumb_8be806db.webp
    🔍 Looking for preview: poi_media/previews/by_route_id/route_158__golgoli_tepesi/images/preview_8be806db.webp
    ✅ Preview found: poi_media/previews/by_route_id/route_158__golgoli_tepesi/images/preview_8be806db.webp
    ✅ Using WebP file: poi_media/previews/by_route_id/route_158__golgoli_tepesi/images/preview_8be806db.webp
    ✅ Adding media with file: poi_media/previews/by_route_id/route_158__golgoli_tepesi/images/preview_8be806db.webp
  📋 Processing database record: RealDictRow({'id': 328, 'route_id': 158, 'file_path': 'poi_media/by_route_id/route_158__golgoli_tepesi/images/ddfcb001.webp', 'thumbnail_path': None, 'preview_path': None, 'lat': 38.53856059972222, 'lng': 34.894746599722225, 'caption': '', 'is_primary': False, 'media_type': 'image', 'uploaded_at': datetime.datetime(2025, 8, 28, 0, 26, 57, 756240)})
    📁 Original file path: poi_media/by_route_id/route_158__golgoli_tepesi/images/ddfcb001.webp
    📁 Filename: ddfcb001.webp
    📁 File stem: ddfcb001
    📁 Route folder name: route_158__golgoli_tepesi
    🔍 Looking for thumbnail: poi_media/thumbnails/by_route_id/route_158__golgoli_tepesi/images/thumb_ddfcb001.webp
    ✅ Thumbnail found: poi_media/thumbnails/by_route_id/route_158__golgoli_tepesi/images/thumb_ddfcb001.webp
    🔍 Looking for preview: poi_media/previews/by_route_id/route_158__golgoli_tepesi/images/preview_ddfcb001.webp
    ✅ Preview found: poi_media/previews/by_route_id/route_158__golgoli_tepesi/images/preview_ddfcb001.webp
    ✅ Using WebP file: poi_media/previews/by_route_id/route_158__golgoli_tepesi/images/preview_ddfcb001.webp
    ✅ Adding media with file: poi_media/previews/by_route_id/route_158__golgoli_tepesi/images/preview_ddfcb001.webp
  📋 Processing database record: RealDictRow({'id': 326, 'route_id': 158, 'file_path': 'poi_media/by_route_id/route_158__golgoli_tepesi/images/7678ff1f.webp', 'thumbnail_path': None, 'preview_path': None, 'lat': 38.53864449972222, 'lng': 34.8950224, 'caption': '', 'is_primary': False, 'media_type': 'image', 'uploaded_at': datetime.datetime(2025, 8, 28, 0, 26, 57, 60775)})
    📁 Original file path: poi_media/by_route_id/route_158__golgoli_tepesi/images/7678ff1f.webp
    📁 Filename: 7678ff1f.webp
    📁 File stem: 7678ff1f
    📁 Route folder name: route_158__golgoli_tepesi
    🔍 Looking for thumbnail: poi_media/thumbnails/by_route_id/route_158__golgoli_tepesi/images/thumb_7678ff1f.webp
    ✅ Thumbnail found: poi_media/thumbnails/by_route_id/route_158__golgoli_tepesi/images/thumb_7678ff1f.webp
    🔍 Looking for preview: poi_media/previews/by_route_id/route_158__golgoli_tepesi/images/preview_7678ff1f.webp
    ✅ Preview found: poi_media/previews/by_route_id/route_158__golgoli_tepesi/images/preview_7678ff1f.webp
    ✅ Using WebP file: poi_media/previews/by_route_id/route_158__golgoli_tepesi/images/preview_7678ff1f.webp
    ✅ Adding media with file: poi_media/previews/by_route_id/route_158__golgoli_tepesi/images/preview_7678ff1f.webp
  📋 Processing database record: RealDictRow({'id': 324, 'route_id': 158, 'file_path': 'poi_media/by_route_id/route_158__golgoli_tepesi/images/93ade8f8.webp', 'thumbnail_path': None, 'preview_path': None, 'lat': 38.538562299999995, 'lng': 34.8952479, 'caption': '', 'is_primary': False, 'media_type': 'image', 'uploaded_at': datetime.datetime(2025, 8, 28, 0, 26, 56, 114956)})
    📁 Original file path: poi_media/by_route_id/route_158__golgoli_tepesi/images/93ade8f8.webp
    📁 Filename: 93ade8f8.webp
    📁 File stem: 93ade8f8
    📁 Route folder name: route_158__golgoli_tepesi
    🔍 Looking for thumbnail: poi_media/thumbnails/by_route_id/route_158__golgoli_tepesi/images/thumb_93ade8f8.webp
    ✅ Thumbnail found: poi_media/thumbnails/by_route_id/route_158__golgoli_tepesi/images/thumb_93ade8f8.webp
    🔍 Looking for preview: poi_media/previews/by_route_id/route_158__golgoli_tepesi/images/preview_93ade8f8.webp
    ✅ Preview found: poi_media/previews/by_route_id/route_158__golgoli_tepesi/images/preview_93ade8f8.webp
    ✅ Using WebP file: poi_media/previews/by_route_id/route_158__golgoli_tepesi/images/preview_93ade8f8.webp
    ✅ Adding media with file: poi_media/previews/by_route_id/route_158__golgoli_tepesi/images/preview_93ade8f8.webp
  📋 Processing database record: RealDictRow({'id': 322, 'route_id': 158, 'file_path': 'poi_media/by_route_id/route_158__golgoli_tepesi/images/e03d52c3.webp', 'thumbnail_path': None, 'preview_path': None, 'lat': 38.53856379972222, 'lng': 34.8952612, 'caption': '', 'is_primary': False, 'media_type': 'image', 'uploaded_at': datetime.datetime(2025, 8, 28, 0, 26, 55, 357519)})
    📁 Original file path: poi_media/by_route_id/route_158__golgoli_tepesi/images/e03d52c3.webp
    📁 Filename: e03d52c3.webp
    📁 File stem: e03d52c3
    📁 Route folder name: route_158__golgoli_tepesi
    🔍 Looking for thumbnail: poi_media/thumbnails/by_route_id/route_158__golgoli_tepesi/images/thumb_e03d52c3.webp
    ✅ Thumbnail found: poi_media/thumbnails/by_route_id/route_158__golgoli_tepesi/images/thumb_e03d52c3.webp
    🔍 Looking for preview: poi_media/previews/by_route_id/route_158__golgoli_tepesi/images/preview_e03d52c3.webp
    ✅ Preview found: poi_media/previews/by_route_id/route_158__golgoli_tepesi/images/preview_e03d52c3.webp
    ✅ Using WebP file: poi_media/previews/by_route_id/route_158__golgoli_tepesi/images/preview_e03d52c3.webp
    ✅ Adding media with file: poi_media/previews/by_route_id/route_158__golgoli_tepesi/images/preview_e03d52c3.webp
  📋 Processing database record: RealDictRow({'id': 320, 'route_id': 158, 'file_path': 'poi_media/by_route_id/route_158__golgoli_tepesi/images/2eb3bdd0.webp', 'thumbnail_path': None, 'preview_path': None, 'lat': 38.538696699999996, 'lng': 34.89506889972222, 'caption': '', 'is_primary': False, 'media_type': 'image', 'uploaded_at': datetime.datetime(2025, 8, 28, 0, 26, 54, 590673)})
    📁 Original file path: poi_media/by_route_id/route_158__golgoli_tepesi/images/2eb3bdd0.webp
    📁 Filename: 2eb3bdd0.webp
    📁 File stem: 2eb3bdd0
    📁 Route folder name: route_158__golgoli_tepesi
    🔍 Looking for thumbnail: poi_media/thumbnails/by_route_id/route_158__golgoli_tepesi/images/thumb_2eb3bdd0.webp
    ✅ Thumbnail found: poi_media/thumbnails/by_route_id/route_158__golgoli_tepesi/images/thumb_2eb3bdd0.webp
    🔍 Looking for preview: poi_media/previews/by_route_id/route_158__golgoli_tepesi/images/preview_2eb3bdd0.webp
    ✅ Preview found: poi_media/previews/by_route_id/route_158__golgoli_tepesi/images/preview_2eb3bdd0.webp
    ✅ Using WebP file: poi_media/previews/by_route_id/route_158__golgoli_tepesi/images/preview_2eb3bdd0.webp
    ✅ Adding media with file: poi_media/previews/by_route_id/route_158__golgoli_tepesi/images/preview_2eb3bdd0.webp
  📋 Processing database record: RealDictRow({'id': 318, 'route_id': 158, 'file_path': 'poi_media/by_route_id/route_158__golgoli_tepesi/images/6ece84ed.webp', 'thumbnail_path': None, 'preview_path': None, 'lat': 38.5387191, 'lng': 34.89504339972222, 'caption': '', 'is_primary': False, 'media_type': 'image', 'uploaded_at': datetime.datetime(2025, 8, 28, 0, 26, 53, 953807)})
    📁 Original file path: poi_media/by_route_id/route_158__golgoli_tepesi/images/6ece84ed.webp
    📁 Filename: 6ece84ed.webp
    📁 File stem: 6ece84ed
    📁 Route folder name: route_158__golgoli_tepesi
    🔍 Looking for thumbnail: poi_media/thumbnails/by_route_id/route_158__golgoli_tepesi/images/thumb_6ece84ed.webp
    ✅ Thumbnail found: poi_media/thumbnails/by_route_id/route_158__golgoli_tepesi/images/thumb_6ece84ed.webp
    🔍 Looking for preview: poi_media/previews/by_route_id/route_158__golgoli_tepesi/images/preview_6ece84ed.webp
    ✅ Preview found: poi_media/previews/by_route_id/route_158__golgoli_tepesi/images/preview_6ece84ed.webp
    ✅ Using WebP file: poi_media/previews/by_route_id/route_158__golgoli_tepesi/images/preview_6ece84ed.webp
    ✅ Adding media with file: poi_media/previews/by_route_id/route_158__golgoli_tepesi/images/preview_6ece84ed.webp
  📋 Processing database record: RealDictRow({'id': 316, 'route_id': 158, 'file_path': 'poi_media/by_route_id/route_158__golgoli_tepesi/images/8e2313e9.webp', 'thumbnail_path': None, 'preview_path': None, 'lat': 38.5384825, 'lng': 34.89533949972222, 'caption': '', 'is_primary': False, 'media_type': 'image', 'uploaded_at': datetime.datetime(2025, 8, 28, 0, 26, 53, 383802)})
    📁 Original file path: poi_media/by_route_id/route_158__golgoli_tepesi/images/8e2313e9.webp
    📁 Filename: 8e2313e9.webp
    📁 File stem: 8e2313e9
    📁 Route folder name: route_158__golgoli_tepesi
    🔍 Looking for thumbnail: poi_media/thumbnails/by_route_id/route_158__golgoli_tepesi/images/thumb_8e2313e9.webp
    ✅ Thumbnail found: poi_media/thumbnails/by_route_id/route_158__golgoli_tepesi/images/thumb_8e2313e9.webp
    🔍 Looking for preview: poi_media/previews/by_route_id/route_158__golgoli_tepesi/images/preview_8e2313e9.webp
    ✅ Preview found: poi_media/previews/by_route_id/route_158__golgoli_tepesi/images/preview_8e2313e9.webp
    ✅ Using WebP file: poi_media/previews/by_route_id/route_158__golgoli_tepesi/images/preview_8e2313e9.webp
    ✅ Adding media with file: poi_media/previews/by_route_id/route_158__golgoli_tepesi/images/preview_8e2313e9.webp
  📋 Processing database record: RealDictRow({'id': 314, 'route_id': 158, 'file_path': 'poi_media/by_route_id/route_158__golgoli_tepesi/images/79b26571.webp', 'thumbnail_path': None, 'preview_path': None, 'lat': 38.538482099999996, 'lng': 34.895336299722224, 'caption': '', 'is_primary': False, 'media_type': 'image', 'uploaded_at': datetime.datetime(2025, 8, 28, 0, 26, 52, 672936)})
    📁 Original file path: poi_media/by_route_id/route_158__golgoli_tepesi/images/79b26571.webp
    📁 Filename: 79b26571.webp
    📁 File stem: 79b26571
    📁 Route folder name: route_158__golgoli_tepesi
    🔍 Looking for thumbnail: poi_media/thumbnails/by_route_id/route_158__golgoli_tepesi/images/thumb_79b26571.webp
    ✅ Thumbnail found: poi_media/thumbnails/by_route_id/route_158__golgoli_tepesi/images/thumb_79b26571.webp
    🔍 Looking for preview: poi_media/previews/by_route_id/route_158__golgoli_tepesi/images/preview_79b26571.webp
    ✅ Preview found: poi_media/previews/by_route_id/route_158__golgoli_tepesi/images/preview_79b26571.webp
    ✅ Using WebP file: poi_media/previews/by_route_id/route_158__golgoli_tepesi/images/preview_79b26571.webp
    ✅ Adding media with file: poi_media/previews/by_route_id/route_158__golgoli_tepesi/images/preview_79b26571.webp
  📋 Processing database record: RealDictRow({'id': 312, 'route_id': 158, 'file_path': 'poi_media/by_route_id/route_158__golgoli_tepesi/images/8a66d8b6.webp', 'thumbnail_path': None, 'preview_path': None, 'lat': 38.54045589972222, 'lng': 34.8893034, 'caption': '', 'is_primary': False, 'media_type': 'image', 'uploaded_at': datetime.datetime(2025, 8, 28, 0, 26, 51, 988709)})
    📁 Original file path: poi_media/by_route_id/route_158__golgoli_tepesi/images/8a66d8b6.webp
    📁 Filename: 8a66d8b6.webp
    📁 File stem: 8a66d8b6
    📁 Route folder name: route_158__golgoli_tepesi
    🔍 Looking for thumbnail: poi_media/thumbnails/by_route_id/route_158__golgoli_tepesi/images/thumb_8a66d8b6.webp
    ✅ Thumbnail found: poi_media/thumbnails/by_route_id/route_158__golgoli_tepesi/images/thumb_8a66d8b6.webp
    🔍 Looking for preview: poi_media/previews/by_route_id/route_158__golgoli_tepesi/images/preview_8a66d8b6.webp
    ✅ Preview found: poi_media/previews/by_route_id/route_158__golgoli_tepesi/images/preview_8a66d8b6.webp
    ✅ Using WebP file: poi_media/previews/by_route_id/route_158__golgoli_tepesi/images/preview_8a66d8b6.webp
    ✅ Adding media with file: poi_media/previews/by_route_id/route_158__golgoli_tepesi/images/preview_8a66d8b6.webp
  📋 Processing database record: RealDictRow({'id': 310, 'route_id': 158, 'file_path': 'poi_media/by_route_id/route_158__golgoli_tepesi/images/8e808b0c.webp', 'thumbnail_path': None, 'preview_path': None, 'lat': 38.54181719972222, 'lng': 34.8861349, 'caption': '', 'is_primary': False, 'media_type': 'image', 'uploaded_at': datetime.datetime(2025, 8, 28, 0, 26, 51, 252894)})
    📁 Original file path: poi_media/by_route_id/route_158__golgoli_tepesi/images/8e808b0c.webp
    📁 Filename: 8e808b0c.webp
    📁 File stem: 8e808b0c
    📁 Route folder name: route_158__golgoli_tepesi
    🔍 Looking for thumbnail: poi_media/thumbnails/by_route_id/route_158__golgoli_tepesi/images/thumb_8e808b0c.webp
    ✅ Thumbnail found: poi_media/thumbnails/by_route_id/route_158__golgoli_tepesi/images/thumb_8e808b0c.webp
    🔍 Looking for preview: poi_media/previews/by_route_id/route_158__golgoli_tepesi/images/preview_8e808b0c.webp
INFO:werkzeug:172.19.0.5 - - [12/Sep/2025 13:52:38] "GET /api/admin/routes/158/media HTTP/1.1" 200 -
INFO:werkzeug:172.19.0.5 - - [12/Sep/2025 13:52:38] "GET /api/admin/routes/78/media HTTP/1.1" 200 -
INFO:werkzeug:172.19.0.5 - - [12/Sep/2025 13:52:38] "GET /api/admin/routes/112/media HTTP/1.1" 200 -
INFO:werkzeug:172.19.0.5 - - [12/Sep/2025 13:52:38] "GET /api/admin/routes/6/media HTTP/1.1" 200 -
    ✅ Preview found: poi_media/previews/by_route_id/route_158__golgoli_tepesi/images/preview_8e808b0c.webp
    ✅ Using WebP file: poi_media/previews/by_route_id/route_158__golgoli_tepesi/images/preview_8e808b0c.webp
    ✅ Adding media with file: poi_media/previews/by_route_id/route_158__golgoli_tepesi/images/preview_8e808b0c.webp
  📋 Processing database record: RealDictRow({'id': 308, 'route_id': 158, 'file_path': 'poi_media/by_route_id/route_158__golgoli_tepesi/images/1112d0fe.webp', 'thumbnail_path': None, 'preview_path': None, 'lat': 38.54181719972222, 'lng': 34.8861349, 'caption': '', 'is_primary': False, 'media_type': 'image', 'uploaded_at': datetime.datetime(2025, 8, 28, 0, 26, 50, 616200)})
    📁 Original file path: poi_media/by_route_id/route_158__golgoli_tepesi/images/1112d0fe.webp
    📁 Filename: 1112d0fe.webp
    📁 File stem: 1112d0fe
    📁 Route folder name: route_158__golgoli_tepesi
    🔍 Looking for thumbnail: poi_media/thumbnails/by_route_id/route_158__golgoli_tepesi/images/thumb_1112d0fe.webp
    ✅ Thumbnail found: poi_media/thumbnails/by_route_id/route_158__golgoli_tepesi/images/thumb_1112d0fe.webp
    🔍 Looking for preview: poi_media/previews/by_route_id/route_158__golgoli_tepesi/images/preview_1112d0fe.webp
    ✅ Preview found: poi_media/previews/by_route_id/route_158__golgoli_tepesi/images/preview_1112d0fe.webp
    ✅ Using WebP file: poi_media/previews/by_route_id/route_158__golgoli_tepesi/images/preview_1112d0fe.webp
    ✅ Adding media with file: poi_media/previews/by_route_id/route_158__golgoli_tepesi/images/preview_1112d0fe.webp
  📋 Processing database record: RealDictRow({'id': 306, 'route_id': 158, 'file_path': 'poi_media/by_route_id/route_158__golgoli_tepesi/images/3bbb92e5.webp', 'thumbnail_path': None, 'preview_path': None, 'lat': 38.53629519972222, 'lng': 34.885004199722225, 'caption': '', 'is_primary': False, 'media_type': 'image', 'uploaded_at': datetime.datetime(2025, 8, 28, 0, 26, 49, 821177)})
    📁 Original file path: poi_media/by_route_id/route_158__golgoli_tepesi/images/3bbb92e5.webp
    📁 Filename: 3bbb92e5.webp
    📁 File stem: 3bbb92e5
    📁 Route folder name: route_158__golgoli_tepesi
    🔍 Looking for thumbnail: poi_media/thumbnails/by_route_id/route_158__golgoli_tepesi/images/thumb_3bbb92e5.webp
    ✅ Thumbnail found: poi_media/thumbnails/by_route_id/route_158__golgoli_tepesi/images/thumb_3bbb92e5.webp
    🔍 Looking for preview: poi_media/previews/by_route_id/route_158__golgoli_tepesi/images/preview_3bbb92e5.webp
    ✅ Preview found: poi_media/previews/by_route_id/route_158__golgoli_tepesi/images/preview_3bbb92e5.webp
    ✅ Using WebP file: poi_media/previews/by_route_id/route_158__golgoli_tepesi/images/preview_3bbb92e5.webp
    ✅ Adding media with file: poi_media/previews/by_route_id/route_158__golgoli_tepesi/images/preview_3bbb92e5.webp
  📋 Processing database record: RealDictRow({'id': 304, 'route_id': 158, 'file_path': 'poi_media/by_route_id/route_158__golgoli_tepesi/images/8a0bab75.webp', 'thumbnail_path': None, 'preview_path': None, 'lat': 38.533828199999995, 'lng': 34.8766632, 'caption': '', 'is_primary': False, 'media_type': 'image', 'uploaded_at': datetime.datetime(2025, 8, 28, 0, 26, 49, 158570)})
    📁 Original file path: poi_media/by_route_id/route_158__golgoli_tepesi/images/8a0bab75.webp
    📁 Filename: 8a0bab75.webp
    📁 File stem: 8a0bab75
    📁 Route folder name: route_158__golgoli_tepesi
    🔍 Looking for thumbnail: poi_media/thumbnails/by_route_id/route_158__golgoli_tepesi/images/thumb_8a0bab75.webp
    ✅ Thumbnail found: poi_media/thumbnails/by_route_id/route_158__golgoli_tepesi/images/thumb_8a0bab75.webp
    🔍 Looking for preview: poi_media/previews/by_route_id/route_158__golgoli_tepesi/images/preview_8a0bab75.webp
    ✅ Preview found: poi_media/previews/by_route_id/route_158__golgoli_tepesi/images/preview_8a0bab75.webp
    ✅ Using WebP file: poi_media/previews/by_route_id/route_158__golgoli_tepesi/images/preview_8a0bab75.webp
    ✅ Adding media with file: poi_media/previews/by_route_id/route_158__golgoli_tepesi/images/preview_8a0bab75.webp
✅ Returning 36 media items from database
🔍 Checking for additional files not in database (previews + originals)...
📁 Checking for additional files in route folder: route_158__golgoli_tepesi
🚀 get_route_media called for route_id: 112
🔍 Attempting database lookup...
📡 Using connection string: postgresql://poi_user:poi_password@localhost/poi_d...
🚀 get_route_media called for route_id: 8
🔍 Attempting database lookup...
📡 Using connection string: postgresql://poi_user:poi_password@localhost/poi_d...
🚀 get_route_media called for route_id: 6
🔍 Attempting database lookup...
📡 Using connection string: postgresql://poi_user:poi_password@localhost/poi_d...
🚀 get_route_media called for route_id: 78
🔍 Attempting database lookup...
📡 Using connection string: postgresql://poi_user:poi_password@localhost/poi_d...
🚀 get_route_media called for route_id: 120
🔍 Attempting database lookup...
📡 Using connection string: postgresql://poi_user:poi_password@localhost/poi_d...
🚀 get_route_media called for route_id: 111
🔍 Attempting database lookup...
📡 Using connection string: postgresql://poi_user:poi_password@localhost/poi_d...
🚀 get_route_media called for route_id: 143
🔍 Attempting database lookup...
📡 Using connection string: postgresql://poi_user:poi_password@localhost/poi_d...
🚀 get_route_media called for route_id: 118
🔍 Attempting database lookup...
📡 Using connection string: postgresql://poi_user:poi_password@localhost/poi_d...
🚀 get_route_media called for route_id: 107
🔍 Attempting database lookup...
📡 Using connection string: postgresql://poi_user:poi_password@localhost/poi_d...
🚀 get_route_media called for route_id: 9
🔍 Attempting database lookup...
📡 Using connection string: postgresql://poi_user:poi_password@localhost/poi_d...
✅ Database connection established
🚀 get_route_media called for route_id: 5
🔍 Attempting database lookup...
📡 Using connection string: postgresql://poi_user:poi_password@localhost/poi_d...
🚀 get_route_media called for route_id: 113
🔍 Attempting database lookup...
📡 Using connection string: postgresql://poi_user:poi_password@localhost/poi_d...
✅ Database connection established
🚀 get_route_media called for route_id: 4
🔍 Attempting database lookup...
📡 Using connection string: postgresql://poi_user:poi_password@localhost/poi_d...
📊 Database query returned 0 records
⚠️ No media found in database, falling back to filesystem...
🔍 Database returned no results, falling back to filesystem...
✅ Database connection established
✅ Base route directory found: poi_media/by_route_id
📂 Found route folder: poi_media/by_route_id/route_78_tst_rota
📁 Checking image directory: poi_media/by_route_id/route_78_tst_rota/images
  📄 Found file: 5f1f2f86.webp
    ✅ Thumbnail found: poi_media/thumbnails/by_route_id/route_78_tst_rota/images/thumb_5f1f2f86.webp
    ✅ Preview found: poi_media/previews/by_route_id/route_78_tst_rota/images/preview_5f1f2f86.webp
    ✅ Added media: 5f1f2f86.webp
📊 Total media files found in filesystem: 1
📊 Final total media files: 1
📊 Database query returned 0 records
⚠️ No media found in database, falling back to filesystem...
✅ Database connection established
🔍 Database returned no results, falling back to filesystem...
✅ Base route directory found: poi_media/by_route_id
📊 Total media files found in filesystem: 0
🔍 No media found in main directories, checking WebP files...
📊 Final total media files: 0
📊 Database query returned 0 records
⚠️ No media found in database, falling back to filesystem...
🔍 Database returned no results, falling back to filesystem...
✅ Base route directory found: poi_media/by_route_id
📊 Total media files found in filesystem: 0
🔍 No media found in main directories, checking WebP files...
📊 Final total media files: 0
✅ Database connection established
📊 Database query returned 0 records
INFO:werkzeug:172.19.0.5 - - [12/Sep/2025 13:52:38] "GET /api/admin/routes/8/media HTTP/1.1" 200 -
INFO:werkzeug:172.19.0.5 - - [12/Sep/2025 13:52:38] "GET /api/admin/routes/111/media HTTP/1.1" 200 -
INFO:werkzeug:172.19.0.5 - - [12/Sep/2025 13:52:38] "GET /api/admin/routes/5/media HTTP/1.1" 200 -
INFO:werkzeug:172.19.0.5 - - [12/Sep/2025 13:52:39] "GET /api/admin/routes/107/media HTTP/1.1" 200 -
INFO:werkzeug:172.19.0.5 - - [12/Sep/2025 13:52:39] "GET /api/admin/routes/118/media HTTP/1.1" 200 -
INFO:werkzeug:172.19.0.5 - - [12/Sep/2025 13:52:39] "GET /api/admin/routes/4/media HTTP/1.1" 200 -
INFO:werkzeug:172.19.0.5 - - [12/Sep/2025 13:52:39] "GET /api/admin/routes/120/media HTTP/1.1" 200 -
INFO:werkzeug:172.19.0.5 - - [12/Sep/2025 13:52:39] "GET /api/admin/routes/113/media HTTP/1.1" 200 -
INFO:werkzeug:172.19.0.5 - - [12/Sep/2025 13:52:39] "GET /api/admin/routes/143/media HTTP/1.1" 200 -
INFO:werkzeug:172.19.0.5 - - [12/Sep/2025 13:52:39] "GET /api/admin/routes/9/media HTTP/1.1" 200 -
INFO:werkzeug:172.19.0.5 - - [12/Sep/2025 13:52:39] "GET /api/admin/routes/7/media HTTP/1.1" 200 -
INFO:werkzeug:172.19.0.5 - - [12/Sep/2025 13:52:39] "GET /api/admin/routes/2/media HTTP/1.1" 200 -
⚠️ No media found in database, falling back to filesystem...
📊 Database query returned 0 records
⚠️ No media found in database, falling back to filesystem...
🔍 Database returned no results, falling back to filesystem...
✅ Base route directory found: poi_media/by_route_id
📊 Total media files found in filesystem: 0
🔍 No media found in main directories, checking WebP files...
📊 Final total media files: 0
🔍 Database returned no results, falling back to filesystem...
✅ Base route directory found: poi_media/by_route_id
📊 Total media files found in filesystem: 0
🔍 No media found in main directories, checking WebP files...
📊 Final total media files: 0
✅ Database connection established
✅ Database connection established
🚀 get_route_media called for route_id: 7
🔍 Attempting database lookup...
📡 Using connection string: postgresql://poi_user:poi_password@localhost/poi_d...
✅ Database connection established
📊 Database query returned 0 records
⚠️ No media found in database, falling back to filesystem...
🔍 Database returned no results, falling back to filesystem...
✅ Base route directory found: poi_media/by_route_id
📊 Total media files found in filesystem: 0
🔍 No media found in main directories, checking WebP files...
📊 Final total media files: 0
✅ Database connection established
✅ Database connection established
📊 Database query returned 2 records
✅ Found media in database, processing...
  📋 Processing database record: RealDictRow({'id': 377, 'route_id': 120, 'file_path': 'poi_media/by_panorama/images/a92b1d4f.webp', 'thumbnail_path': 'poi_media/previews/by_panorama/images/thumb_a92b1d4f.webp', 'preview_path': 'poi_media/previews/by_panorama/images/thumb_a92b1d4f.webp', 'lat': 38.55853044444444, 'lng': 34.98415477777778, 'caption': '', 'is_primary': False, 'media_type': 'image', 'uploaded_at': datetime.datetime(2025, 9, 11, 15, 28, 43, 105690)})
    📁 Original file path: poi_media/by_panorama/images/a92b1d4f.webp
    📁 Filename: a92b1d4f.webp
    📁 File stem: a92b1d4f
    🔍 No route folder name, checking original file: poi_media/by_panorama/images/a92b1d4f.webp
    ✅ Original file exists: poi_media/by_panorama/images/a92b1d4f.webp
    ✅ Adding media with file: poi_media/by_panorama/images/a92b1d4f.webp
✅ Database connection established
✅ Database connection established
✅ Database connection established
  📋 Processing database record: RealDictRow({'id': 376, 'route_id': 120, 'file_path': 'poi_media/by_route_id/route_120_Wikiloc_-_Karlık_-_Avla_Dağ_-_Upper_Kurtdere/images/129a9a11.webp', 'thumbnail_path': None, 'preview_path': None, 'lat': 38.545110055555554, 'lng': 34.977951000000004, 'caption': '', 'is_primary': False, 'media_type': 'image', 'uploaded_at': datetime.datetime(2025, 9, 8, 21, 55, 27, 428702)})
    📁 Original file path: poi_media/by_route_id/route_120_Wikiloc_-_Karlık_-_Avla_Dağ_-_Upper_Kurtdere/images/129a9a11.webp
    📁 Filename: 129a9a11.webp
    📁 File stem: 129a9a11
    📁 Route folder name: route_120_Wikiloc_-_Karlık_-_Avla_Dağ_-_Upper_Kurtdere
    🔍 Looking for thumbnail: poi_media/thumbnails/by_route_id/route_120_Wikiloc_-_Karlık_-_Avla_Dağ_-_Upper_Kurtdere/images/thumb_129a9a11.webp
📊 Database query returned 0 records
⚠️ No media found in database, falling back to filesystem...
📊 Database query returned 0 records
⚠️ No media found in database, falling back to filesystem...
🔍 Database returned no results, falling back to filesystem...
📊 Database query returned 0 records
⚠️ No media found in database, falling back to filesystem...
🔍 Database returned no results, falling back to filesystem...
✅ Base route directory found: poi_media/by_route_id
📊 Total media files found in filesystem: 0
🔍 No media found in main directories, checking WebP files...
📊 Final total media files: 0
    ✅ Thumbnail found: poi_media/thumbnails/by_route_id/route_120_Wikiloc_-_Karlık_-_Avla_Dağ_-_Upper_Kurtdere/images/thumb_129a9a11.webp
    🔍 Looking for preview: poi_media/previews/by_route_id/route_120_Wikiloc_-_Karlık_-_Avla_Dağ_-_Upper_Kurtdere/images/preview_129a9a11.webp
    ✅ Preview found: poi_media/previews/by_route_id/route_120_Wikiloc_-_Karlık_-_Avla_Dağ_-_Upper_Kurtdere/images/preview_129a9a11.webp
    ✅ Using WebP file: poi_media/previews/by_route_id/route_120_Wikiloc_-_Karlık_-_Avla_Dağ_-_Upper_Kurtdere/images/preview_129a9a11.webp
    ✅ Adding media with file: poi_media/previews/by_route_id/route_120_Wikiloc_-_Karlık_-_Avla_Dağ_-_Upper_Kurtdere/images/preview_129a9a11.webp
✅ Base route directory found: poi_media/by_route_id
📊 Total media files found in filesystem: 0
🔍 No media found in main directories, checking WebP files...
📊 Final total media files: 0
🔍 Database returned no results, falling back to filesystem...
✅ Base route directory found: poi_media/by_route_id
✅ Returning 2 media items from database
🔍 Checking for additional files not in database (previews + originals)...
📊 Database query returned 0 records
⚠️ No media found in database, falling back to filesystem...
📊 Database query returned 0 records
⚠️ No media found in database, falling back to filesystem...
🔍 Database returned no results, falling back to filesystem...
✅ Base route directory found: poi_media/by_route_id
📊 Total media files found in filesystem: 0
🔍 No media found in main directories, checking WebP files...
🔍 Database returned no results, falling back to filesystem...
✅ Base route directory found: poi_media/by_route_id
✅ Database connection established
📊 Database query returned 0 records
⚠️ No media found in database, falling back to filesystem...
🔍 Database returned no results, falling back to filesystem...
✅ Base route directory found: poi_media/by_route_id
📊 Final total media files: 0
📊 Total media files found in filesystem: 0
🔍 No media found in main directories, checking WebP files...
📊 Total media files found in filesystem: 0
🔍 No media found in main directories, checking WebP files...
📊 Database query returned 0 records
⚠️ No media found in database, falling back to filesystem...
📊 Final total media files: 0
📊 Total media files found in filesystem: 0
🔍 No media found in main directories, checking WebP files...
🔍 Database returned no results, falling back to filesystem...
✅ Base route directory found: poi_media/by_route_id
📊 Final total media files: 0
📊 Total media files found in filesystem: 0
🔍 No media found in main directories, checking WebP files...
🚀 get_route_media called for route_id: 2
🔍 Attempting database lookup...
📡 Using connection string: postgresql://poi_user:poi_password@localhost/poi_d...
📊 Final total media files: 0
📊 Final total media files: 0
✅ Database connection established
📊 Database query returned 0 records
⚠️ No media found in database, falling back to filesystem...
🔍 Database returned no results, falling back to filesystem...
✅ Base route directory found: poi_media/by_route_id
📊 Total media files found in filesystem: 0
🔍 No media found in main directories, checking WebP files...
📊 Final total media files: 0
🚀 get_route_media called for route_id: 3
🔍 Attempting database lookup...
📡 Using connection string: postgresql://poi_user:poi_password@localhost/poi_d...
🚀 get_route_media called for route_id: 1
🔍 Attempting database lookup...
📡 Using connection string: postgresql://poi_user:poi_password@localhost/poi_d...
✅ Database connection established
✅ Database connection established
📊 Database query returned 0 records
⚠️ No media found in database, falling back to filesystem...
📊 Database query returned 0 records
⚠️ No media found in database, falling back to filesystem...
🔍 Database returned no results, falling back to filesystem...
🔍 Database returned no results, falling back to filesystem...
✅ Base route directory found: poi_media/by_route_id
✅ Base route directory found: poi_media/by_route_id
📊 Total media files found in filesystem: 0
INFO:werkzeug:172.19.0.5 - - [12/Sep/2025 13:52:39] "GET /api/admin/routes/3/media HTTP/1.1" 200 -
INFO:werkzeug:172.19.0.5 - - [12/Sep/2025 13:52:39] "GET /api/admin/routes/1/media HTTP/1.1" 200 -
INFO:werkzeug:172.19.0.5 - - [12/Sep/2025 13:52:39] "GET /poi_media/previews/by_route_id/route_164_Yeni_Rota_2/images/preview_37d18082.webp HTTP/1.1" 200 -
INFO:werkzeug:172.19.0.5 - - [12/Sep/2025 13:52:39] "GET /poi_media/previews/by_route_id/route_158__golgoli_tepesi/images/preview_d6d42451.webp HTTP/1.1" 200 -
INFO:werkzeug:172.19.0.5 - - [12/Sep/2025 13:52:39] "GET /poi_media/previews/by_route_id/route_155_18_Ağu_2025_17:14:55/images/preview_801ffc2d.webp HTTP/1.1" 200 -
INFO:werkzeug:172.19.0.5 - - [12/Sep/2025 13:52:39] "GET /api/route-panoramas HTTP/1.1" 200 -
